"RPTSORT","CO","COLABEL","PROCESSDT","RYR","R_CTF0-9","R_CTF10-14","R_CTF15-19","R_CTF20-24","R_CTF25-29","R_CTF30-34","R_CTF35-44","R_CTF45PLUS","R_CTM0-9","R_CTM10-14","R_CTM15-19","R_CTM20-24","R_CTM25-29","R_CTM30-34","R_CTM35-44","R_CTM45PLUS","R_GCF0-9","R_GCF10-14","R_GCF15-19","R_GCF20-24","R_GCF25-29","R_GCF30-34","R_GCF35-44","R_GCF45PLUS","R_GCM0-9","R_GCM10-14","R_GCM15-19","R_GCM20-24","R_GCM25-29","R_GCM30-34","R_GCM35-44","R_GCM45PLUS","R_PSF0-9","R_PSF10-14","R_PSF15-19","R_PSF20-24","R_PSF25-29","R_PSF30-34","R_PSF35-44","R_PSF45PLUS","R_PSM0-9","R_PSM10-14","R_PSM15-19","R_PSM20-24","R_PSM25-29","R_PSM30-34","R_PSM35-44","R_PSM45PLUS","R_CTF_NAAM","R_CTF_API","R_CTF_BLACK","R_CTF_HISP","R_CTF_WHITE","R_CTM_NAAM","R_CTM_API","R_CTM_BLACK","R_CTM_HISP","R_CTM_WHITE","R_GCF_NAAM","R_GCF_API","R_GCF_BLACK","R_GCF_HISP","R_GCF_WHITE","R_GCM_NAAM","R_GCM_API","R_GCM_BLACK","R_GCM_HISP","R_GCM_WHITE","R_PSF_NAAM","R_PSF_API","R_PSF_BLACK","R_PSF_HISP","R_PSF_WHITE","R_PSM_NAAM","R_PSM_API","R_PSM_BLACK","R_PSM_HISP","R_PSM_WHITE","YR10","YR9","YR8","YR7","YR6","YR5","YR4","YR3","YR2","YR1","R_YR10CTFTOT","R_YR9CTFTOT","R_YR8CTFTOT","R_YR7CTFTOT","R_YR6CTFTOT","R_YR5CTFTOT","R_YR4CTFTOT","R_YR3CTFTOT","R_YR2CTFTOT","R_YR1CTFTOT","R_YR10CTMTOT","R_YR9CTMTOT","R_YR8CTMTOT","R_YR7CTMTOT","R_YR6CTMTOT","R_YR5CTMTOT","R_YR4CTMTOT","R_YR3CTMTOT","R_YR2CTMTOT","R_YR1CTMTOT","R_YR10GCFTOT","R_YR9GCFTOT","R_YR8GCFTOT","R_YR7GCFTOT","R_YR6GCFTOT","R_YR5GCFTOT","R_YR4GCFTOT","R_YR3GCFTOT","R_YR2GCFTOT","R_YR1GCFTOT","R_YR10GCMTOT","R_YR9GCMTOT","R_YR8GCMTOT","R_YR7GCMTOT","R_YR6GCMTOT","R_YR5GCMTOT","R_YR4GCMTOT","R_YR3GCMTOT","R_YR2GCMTOT","R_YR1GCMTOT","R_YR10PSFTOT","R_YR9PSFTOT","R_YR8PSFTOT","R_YR7PSFTOT","R_YR6PSFTOT","R_YR5PSFTOT","R_YR4PSFTOT","R_YR3PSFTOT","R_YR2PSFTOT","R_YR1PSFTOT","R_YR10PSMTOT","R_YR9PSMTOT","R_YR8PSMTOT","R_YR7PSMTOT","R_YR6PSMTOT","R_YR5PSMTOT","R_YR4PSMTOT","R_YR3PSMTOT","R_YR2PSMTOT","R_YR1PSMTOT","FOOT1A","FOOTIB","FOOT2A","FOOT2B","FOOT3A","FOOT3B"
1,"California","California – Chlamydia, Gonorrhea, and P&S Syphilis","7/6/2006","Rates by Age Group (2005), Race/Ethnicity (2005), and Year",1.23,86.55,2280.81,2703.94,1230.30,483.16,159.57,18.19,0.45,9.81,489.67,878.64,554.03,271.52,140.62,27.45,0.31,20.85,375.56,400.65,206.94,90.52,44.31,5.86,0.11,4.52,153.71,319.37,269.66,176.65,130.17,29.17,0.00,0.00,0.88,1.58,2.07,1.14,1.17,0.19,0.00,0.00,1.53,8.01,13.02,16.57,20.13,5.77,215.36,180.41,1017.99,516.33,156.05,66.13,62.90,532.89,164.65,67.77,48.07,17.50,337.22,54.60,28.94,40.64,20.69,375.27,55.27,47.55,0.00,0.13,2.80,0.74,0.40,4.82,3.28,13.06,6.19,9.65,1996.00,1997.00,1998.00,1999.00,2000.00,2001.00,2002.00,2003.00,2004.00,2005.00,307.02,328.54,360.52,394.81,422.56,437.45,458.54,474.27,485.96,505.73,76.30,91.70,100.35,109.47,134.12,143.82,161.14,172.92,183.77,197.72,55.20,51.95,56.42,53.00,56.34,59.95,61.28,65.56,74.87,85.58,60.31,58.58,62.09,57.75,70.10,73.15,77.13,77.17,90.69,99.49,1.19,0.73,0.80,0.45,0.29,0.24,0.22,0.30,0.32,0.63,2.04,1.64,1.17,1.28,1.62,2.91,5.67,6.97,7.17,7.93,"*","Race data may be missing for a substantial number of cases.  See the 'Data Limitations' page for further information.","Note:","Rates are per 100,000 population.  ","Source:","California Department of Health Services, STD Control Branch"
2,"Alameda","Alameda County – Chlamydia, Gonorrhea, and P&S Syphilis","7/6/2006","Rates by Age Group (2005), Race/Ethnicity (2005), and Year",1.03,225.48,3354.40,2482.36,872.13,341.09,148.21,22.71,2.99,15.66,624.85,737.04,393.55,188.88,129.13,34.96,1.03,65.59,997.70,578.69,235.36,82.73,43.32,9.73,0.00,7.83,338.87,449.90,356.60,167.38,136.91,37.45,0.00,0.00,0.00,1.94,3.22,0.00,0.00,0.36,0.00,0.00,3.91,7.31,6.42,9.21,15.55,3.74,106.49,108.78,970.94,318.73,85.09,0.00,33.53,437.15,72.49,33.61,35.49,14.79,375.82,43.02,18.49,20.77,11.17,425.16,35.40,28.20,0.00,0.47,0.00,0.60,0.73,0.00,2.54,11.99,6.18,6.18,1996.00,1997.00,1998.00,1999.00,2000.00,2001.00,2002.00,2003.00,2004.00,2005.00,426.96,409.25,427.23,463.33,547.48,491.77,489.64,511.94,524.94,517.59,98.25,119.73,109.74,118.17,158.88,157.34,153.06,160.27,167.19,179.77,152.60,136.79,142.08,136.95,139.71,146.13,137.54,113.92,114.80,141.02,117.60,107.91,115.27,105.43,119.30,139.80,136.89,109.62,125.49,135.56,0.43,0.00,0.84,0.41,0.40,0.13,0.00,0.00,0.00,0.50,1.05,1.18,0.72,0.85,1.26,3.59,7.67,5.17,6.59,5.97,"*","Race data may be missing for a substantial number of cases.  See the 'Data Limitations' page for further information.","Note:","Rates are per 100,000 population.  Alameda County includes Berkeley City Health Jurisdiction.","Source:","California Department of Health Services, STD Control Branch"
2,"Alpine","Alpine County – Chlamydia, Gonorrhea, and P&S Syphilis","7/6/2006","Rates by Age Group (2005), Race/Ethnicity (2005), and Year",0.00,0.00,0.00,0.00,0.00,0.00,0.00,0.00,0.00,0.00,0.00,0.00,0.00,0.00,0.00,0.00,0.00,0.00,0.00,0.00,0.00,0.00,0.00,0.00,0.00,0.00,0.00,0.00,0.00,0.00,0.00,0.00,0.00,0.00,0.00,0.00,0.00,0.00,0.00,0.00,0.00,0.00,0.00,0.00,0.00,0.00,0.00,0.00,0.00,0.00,0.00,0.00,0.00,0.00,0.00,0.00,0.00,0.00,0.00,0.00,0.00,0.00,0.00,0.00,0.00,0.00,0.00,0.00,0.00,0.00,0.00,0.00,0.00,0.00,0.00,0.00,0.00,0.00,1996.00,1997.00,1998.00,1999.00,2000.00,2001.00,2002.00,2003.00,2004.00,2005.00,175.13,0.00,361.01,356.50,0.00,0.00,0.00,488.59,0.00,0.00,0.00,0.00,0.00,0.00,0.00,0.00,149.25,0.00,0.00,0.00,0.00,0.00,0.00,0.00,0.00,0.00,0.00,0.00,0.00,0.00,0.00,0.00,0.00,0.00,0.00,0.00,0.00,0.00,0.00,0.00,0.00,0.00,0.00,0.00,0.00,0.00,0.00,0.00,0.00,0.00,0.00,0.00,0.00,0.00,0.00,0.00,0.00,0.00,0.00,0.00,"*","Race data may be missing for a substantial number of cases.  See the 'Data Limitations' page for further information.","Note:","Rates are per 100,000 population.  ","Source:","California Department of Health Services, STD Control Branch"
2,"Amador","Amador County – Chlamydia, Gonorrhea, and P&S Syphilis","7/6/2006","Rates by Age Group (2005), Race/Ethnicity (2005), and Year",0.00,0.00,667.22,1298.70,457.66,162.60,46.79,0.00,0.00,0.00,716.33,433.21,213.67,82.91,0.00,10.60,0.00,0.00,166.80,236.12,0.00,0.00,46.79,0.00,0.00,0.00,47.75,0.00,0.00,0.00,66.13,10.60,0.00,0.00,0.00,0.00,0.00,0.00,0.00,0.00,0.00,0.00,0.00,0.00,0.00,0.00,0.00,0.00,0.00,0.00,0.00,90.41,146.72,0.00,0.00,360.75,457.76,56.48,0.00,0.00,0.00,90.41,26.67,0.00,0.00,0.00,0.00,25.10,0.00,0.00,0.00,0.00,0.00,0.00,0.00,0.00,0.00,0.00,1996.00,1997.00,1998.00,1999.00,2000.00,2001.00,2002.00,2003.00,2004.00,2005.00,59.90,58.54,65.52,64.09,50.20,87.06,139.33,137.60,100.50,134.86,5.32,5.22,10.60,26.07,20.51,30.52,44.70,44.20,19.44,120.62,13.31,6.50,0.00,19.22,6.27,6.21,6.05,0.00,35.47,29.31,0.00,0.00,5.30,5.21,5.12,5.08,0.00,4.91,19.44,19.30,0.00,0.00,0.00,0.00,0.00,0.00,0.00,0.00,0.00,0.00,0.00,0.00,0.00,0.00,0.00,0.00,0.00,0.00,0.00,0.00,"*","Race data may be missing for a substantial number of cases.  See the 'Data Limitations' page for further information.","Note:","Rates are per 100,000 population.  ","Source:","California Department of Health Services, STD Control Branch"
2,"Berkeley","Berkeley City – Chlamydia, Gonorrhea, and P&S Syphilis","7/6/2006","Rates by Age Group (2005), Race/Ethnicity (2005), and Year",0.00,249.77,1830.07,1005.46,472.03,199.21,80.71,21.58,0.00,49.20,608.24,398.92,351.36,138.19,211.48,84.53,0.00,0.00,553.83,161.37,246.27,49.80,26.90,10.79,0.00,0.00,354.81,216.55,369.85,230.32,211.48,97.54,0.00,0.00,0.00,0.00,0.00,0.00,0.00,0.00,0.00,0.00,25.34,0.00,18.49,23.03,14.09,0.00,0.00,89.11,988.22,331.12,34.77,0.00,12.28,642.70,112.77,45.14,0.00,33.41,325.07,0.00,6.95,0.00,0.00,899.78,37.59,20.83,0.00,0.00,0.00,0.00,0.00,0.00,0.00,16.06,37.59,3.47,1996.00,1997.00,1998.00,1999.00,2000.00,2001.00,2002.00,2003.00,2004.00,2005.00,250.26,294.84,214.29,328.04,362.43,293.63,309.90,397.30,384.57,382.46,137.77,211.68,105.08,130.44,112.08,122.88,134.29,189.27,210.98,220.62,78.20,113.69,70.79,89.64,75.90,79.05,95.78,82.85,73.52,101.73,137.77,139.79,81.29,134.39,129.78,113.13,112.88,124.88,179.73,181.57,0.00,0.00,0.00,1.90,0.00,1.88,0.00,0.00,0.00,0.00,0.00,1.99,0.00,0.00,0.00,3.90,7.78,7.80,13.67,7.80,"*","Race data may be missing for a substantial number of cases.  See the 'Data Limitations' page for further information.","Note:","Rates are per 100,000 population.  ","Source:","California Department of Health Services, STD Control Branch"
2,"Butte","Butte County – Chlamydia, Gonorrhea, and P&S Syphilis","7/6/2006","Rates by Age Group (2005), Race/Ethnicity (2005), and Year",0.00,103.67,1723.03,1667.70,913.51,178.67,96.24,8.30,0.00,0.00,370.63,700.34,351.65,182.20,73.09,4.83,9.28,29.62,181.93,187.28,162.07,59.55,40.10,6.22,0.00,0.00,80.13,122.55,104.19,115.95,45.68,16.93,0.00,0.00,0.00,0.00,0.00,0.00,0.00,0.00,0.00,0.00,0.00,0.00,0.00,0.00,0.00,0.00,403.76,335.78,589.81,401.02,317.57,142.09,107.80,707.54,97.66,121.41,33.64,41.97,160.85,52.96,43.51,35.52,0.00,424.52,20.92,35.04,0.00,0.00,0.00,0.00,0.00,0.00,0.00,0.00,0.00,0.00,1996.00,1997.00,1998.00,1999.00,2000.00,2001.00,2002.00,2003.00,2004.00,2005.00,211.96,275.69,282.38,257.44,236.61,287.53,267.41,425.66,466.50,404.31,27.88,52.23,61.21,65.88,85.75,90.82,89.47,139.19,181.15,157.75,14.85,12.75,17.58,9.71,16.28,18.03,11.22,75.71,66.64,56.98,13.42,10.24,5.10,16.21,16.95,9.87,8.75,61.43,68.28,46.01,0.00,0.00,0.00,0.00,0.00,0.00,0.00,0.00,0.00,0.00,0.00,0.00,0.00,0.00,0.00,0.98,0.00,0.00,0.00,0.00,"*","Race data may be missing for a substantial number of cases.  See the 'Data Limitations' page for further information.","Note:","Rates are per 100,000 population.  ","Source:","California Department of Health Services, STD Control Branch"
2,"Calaveras","Calaveras County – Chlamydia, Gonorrhea, and P&S Syphilis","7/6/2006","Rates by Age Group (2005), Race/Ethnicity (2005), and Year",0.00,0.00,582.75,1811.59,990.09,0.00,0.00,0.00,0.00,0.00,107.23,141.14,155.03,121.80,0.00,0.00,0.00,0.00,0.00,543.47,165.01,0.00,105.55,0.00,0.00,0.00,53.61,0.00,0.00,243.60,0.00,8.70,0.00,0.00,0.00,0.00,0.00,0.00,0.00,0.00,0.00,0.00,0.00,0.00,0.00,0.00,0.00,0.00,0.00,0.00,1117.31,58.17,76.59,0.00,0.00,0.00,55.86,15.47,198.80,0.00,0.00,0.00,30.63,0.00,0.00,0.00,111.73,0.00,0.00,0.00,0.00,0.00,0.00,0.00,0.00,0.00,0.00,0.00,1996.00,1997.00,1998.00,1999.00,2000.00,2001.00,2002.00,2003.00,2004.00,2005.00,46.21,64.51,44.92,63.98,53.42,109.92,107.53,132.32,98.33,157.92,15.69,10.10,10.15,4.99,29.55,19.36,37.85,23.09,36.18,26.63,0.00,4.96,0.00,4.92,4.85,9.55,4.67,13.68,22.34,43.86,10.46,5.05,0.00,0.00,14.77,0.00,9.46,9.23,31.66,17.75,0.00,0.00,0.00,0.00,0.00,0.00,0.00,0.00,0.00,0.00,0.00,0.00,0.00,0.00,0.00,0.00,0.00,0.00,0.00,0.00,"*","Race data may be missing for a substantial number of cases.  See the 'Data Limitations' page for further information.","Note:","Rates are per 100,000 population.  ","Source:","California Department of Health Services, STD Control Branch"
2,"Colusa","Colusa County – Chlamydia, Gonorrhea, and P&S Syphilis","7/6/2006","Rates by Age Group (2005), Race/Ethnicity (2005), and Year",0.00,0.00,554.32,1137.65,493.42,672.26,74.18,28.27,0.00,0.00,102.98,180.83,0.00,154.55,148.47,0.00,0.00,0.00,0.00,0.00,0.00,0.00,74.18,0.00,0.00,0.00,102.98,0.00,0.00,154.55,0.00,0.00,0.00,0.00,0.00,0.00,0.00,0.00,0.00,0.00,0.00,0.00,0.00,0.00,0.00,0.00,0.00,0.00,0.00,0.00,0.00,257.06,171.60,0.00,0.00,0.00,52.90,46.07,0.00,0.00,0.00,0.00,21.45,0.00,0.00,0.00,0.00,46.07,0.00,0.00,0.00,0.00,0.00,0.00,0.00,0.00,0.00,0.00,1996.00,1997.00,1998.00,1999.00,2000.00,2001.00,2002.00,2003.00,2004.00,2005.00,293.45,255.27,232.37,284.71,279.08,264.46,248.13,101.34,245.55,232.08,21.58,42.54,74.46,42.24,52.04,71.92,60.22,59.06,57.33,56.53,11.28,0.00,11.06,0.00,21.46,42.31,0.00,40.53,29.46,9.67,0.00,0.00,0.00,10.56,10.40,10.27,10.03,9.84,28.66,18.84,0.00,0.00,0.00,0.00,0.00,0.00,0.00,0.00,0.00,0.00,0.00,0.00,0.00,0.00,0.00,0.00,0.00,0.00,0.00,0.00,"*","Race data may be missing for a substantial number of cases.  See the 'Data Limitations' page for further information.","Note:","Rates are per 100,000 population.  ","Source:","California Department of Health Services, STD Control Branch"
2,"Contra Costa","Contra Costa County – Chlamydia, Gonorrhea, and P&S Syphilis","7/6/2006","Rates by Age Group (2005), Race/Ethnicity (2005), and Year",5.94,80.36,2180.26,2307.21,1122.09,323.30,80.16,10.59,1.42,12.30,378.33,715.34,448.61,171.25,79.79,18.90,0.00,18.14,487.13,510.18,236.63,83.05,35.50,3.37,0.00,4.92,104.54,274.66,229.96,124.54,62.87,18.90,0.00,0.00,0.00,0.00,0.00,0.00,0.00,0.00,0.00,0.00,2.48,6.03,7.53,3.11,8.46,3.89,268.35,88.39,599.13,220.80,81.89,0.00,30.70,273.94,62.79,23.66,73.18,6.90,190.80,25.65,27.05,76.72,12.28,131.49,17.44,22.51,0.00,0.00,0.00,0.00,0.00,0.00,1.53,2.19,6.10,3.81,1996.00,1997.00,1998.00,1999.00,2000.00,2001.00,2002.00,2003.00,2004.00,2005.00,223.70,252.39,298.96,302.14,296.64,358.45,351.18,381.25,391.95,398.47,42.64,59.27,73.52,78.94,83.46,116.37,117.33,132.41,136.70,134.96,55.09,76.47,78.13,79.80,66.12,78.16,72.44,65.03,75.01,92.72,41.02,46.33,55.47,43.95,53.64,59.76,56.28,51.00,69.35,65.70,0.00,0.00,0.21,0.41,0.00,0.00,0.19,0.19,0.00,0.00,0.00,0.22,0.00,1.09,0.00,2.51,2.06,3.46,2.41,3.95,"*","Race data may be missing for a substantial number of cases.  See the 'Data Limitations' page for further information.","Note:","Rates are per 100,000 population.  ","Source:","California Department of Health Services, STD Control Branch"
2,"Del Norte","Del Norte County – Chlamydia, Gonorrhea, and P&S Syphilis","7/6/2006","Rates by Age Group (2005), Race/Ethnicity (2005), and Year",0.00,0.00,1128.88,647.24,744.87,171.23,0.00,0.00,0.00,0.00,241.74,226.58,150.94,0.00,0.00,0.00,0.00,0.00,0.00,107.87,0.00,171.23,0.00,0.00,0.00,0.00,0.00,0.00,0.00,0.00,0.00,0.00,0.00,0.00,0.00,0.00,0.00,0.00,0.00,0.00,0.00,0.00,0.00,0.00,0.00,0.00,0.00,0.00,434.31,0.00,0.00,150.71,184.86,324.67,0.00,0.00,34.45,40.56,0.00,0.00,0.00,0.00,20.54,0.00,0.00,0.00,0.00,0.00,0.00,0.00,0.00,0.00,0.00,0.00,0.00,0.00,0.00,0.00,1996.00,1997.00,1998.00,1999.00,2000.00,2001.00,2002.00,2003.00,2004.00,2005.00,210.15,219.31,264.80,138.44,177.23,299.11,198.09,156.97,193.76,185.54,6.48,18.89,19.40,46.09,19.68,6.57,19.52,32.36,12.78,50.98,16.16,0.00,16.04,24.43,8.05,16.16,7.92,0.00,23.25,15.46,6.48,0.00,0.00,6.58,0.00,0.00,0.00,6.47,0.00,0.00,0.00,0.00,0.00,0.00,0.00,0.00,0.00,0.00,0.00,0.00,0.00,0.00,0.00,0.00,0.00,0.00,0.00,0.00,0.00,0.00,"*","Race data may be missing for a substantial number of cases.  See the 'Data Limitations' page for further information.","Note:","Rates are per 100,000 population.  ","Source:","California Department of Health Services, STD Control Branch"
2,"El Dorado","El Dorado County – Chlamydia, Gonorrhea, and P&S Syphilis","7/6/2006","Rates by Age Group (2005), Race/Ethnicity (2005), and Year",0.00,0.00,835.07,1027.59,845.89,130.07,51.63,7.64,0.00,0.00,146.51,362.25,306.37,235.04,16.08,5.37,0.00,0.00,27.83,38.05,147.11,26.01,14.75,5.09,0.00,0.00,26.63,51.75,30.63,104.46,32.16,5.37,0.00,0.00,0.00,0.00,0.00,0.00,0.00,0.00,0.00,0.00,0.00,0.00,0.00,0.00,8.04,0.00,85.32,192.45,215.98,262.55,60.88,0.00,86.91,151.28,87.26,18.10,85.32,0.00,0.00,21.87,6.91,86.20,0.00,151.28,0.00,8.35,0.00,0.00,0.00,0.00,0.00,0.00,0.00,0.00,0.00,1.39,1996.00,1997.00,1998.00,1999.00,2000.00,2001.00,2002.00,2003.00,2004.00,2005.00,111.21,97.13,120.66,65.81,95.62,153.47,149.45,186.05,188.58,173.97,9.55,25.45,34.32,14.27,35.40,23.45,43.64,59.63,66.82,63.43,10.85,13.30,9.18,9.03,6.29,3.68,10.84,8.29,6.98,14.87,10.91,5.35,3.96,3.89,3.79,3.70,8.48,13.11,7.03,18.45,0.00,0.00,0.00,0.00,0.00,0.00,0.00,0.00,0.00,0.00,0.00,0.00,0.00,0.00,0.00,0.00,1.21,0.00,0.00,1.15,"*","Race data may be missing for a substantial number of cases.  See the 'Data Limitations' page for further information.","Note:","Rates are per 100,000 population.  ","Source:","California Department of Health Services, STD Control Branch"
2,"Fresno","Fresno County – Chlamydia, Gonorrhea, and P&S Syphilis","7/6/2006","Rates by Age Group (2005), Race/Ethnicity (2005), and Year",0.00,146.84,3190.30,3762.88,1694.24,807.43,218.19,20.90,2.86,13.10,622.59,1251.51,631.24,353.13,112.74,16.71,0.00,41.56,515.31,607.35,404.41,230.69,73.31,15.13,1.43,5.24,211.58,450.25,351.57,210.64,106.21,42.19,0.00,0.00,0.00,0.00,0.00,0.00,0.00,0.00,0.00,0.00,0.00,2.42,0.00,0.00,4.90,0.00,260.33,410.78,1686.12,938.74,248.20,117.94,125.18,814.33,262.94,89.14,30.62,61.47,552.20,133.16,68.83,33.69,25.60,596.14,117.58,43.87,0.00,0.00,0.00,0.00,0.00,0.00,0.00,3.89,0.43,1.39,1996.00,1997.00,1998.00,1999.00,2000.00,2001.00,2002.00,2003.00,2004.00,2005.00,351.13,328.20,624.94,705.75,739.13,802.91,878.77,852.31,847.73,833.03,61.40,103.81,146.02,155.80,177.31,227.43,254.41,250.34,261.47,274.22,54.74,53.66,74.11,89.77,114.78,109.13,153.88,158.85,156.65,160.68,74.73,56.29,61.74,69.81,62.58,82.37,100.00,105.60,106.23,133.53,7.03,6.19,4.87,1.52,0.00,0.49,0.00,0.47,0.23,0.00,8.88,10.32,3.58,2.02,0.99,0.48,0.71,1.38,0.68,0.89,"*","Race data may be missing for a substantial number of cases.  See the 'Data Limitations' page for further information.","Note:","Rates are per 100,000 population.  ","Source:","California Department of Health Services, STD Control Branch"
2,"Glenn","Glenn County – Chlamydia, Gonorrhea, and P&S Syphilis","7/6/2006","Rates by Age Group (2005), Race/Ethnicity (2005), and Year",0.00,91.40,1573.42,2120.44,238.37,531.20,119.26,0.00,0.00,0.00,246.30,682.33,0.00,121.50,55.64,0.00,0.00,0.00,87.41,254.45,0.00,0.00,59.63,0.00,0.00,0.00,0.00,0.00,0.00,0.00,0.00,0.00,0.00,0.00,0.00,0.00,0.00,0.00,0.00,0.00,0.00,0.00,0.00,0.00,0.00,0.00,0.00,0.00,369.00,355.23,0.00,451.80,181.28,0.00,665.55,0.00,43.34,58.59,0.00,0.00,0.00,25.10,22.66,0.00,0.00,0.00,0.00,0.00,0.00,0.00,0.00,0.00,0.00,0.00,0.00,0.00,0.00,0.00,1996.00,1997.00,1998.00,1999.00,2000.00,2001.00,2002.00,2003.00,2004.00,2005.00,313.26,175.37,122.86,214.97,212.41,266.11,307.92,337.26,295.77,372.43,52.80,37.56,22.61,22.59,73.87,66.63,21.97,71.49,42.18,97.73,30.56,0.00,0.00,0.00,7.58,7.60,7.51,0.00,14.42,35.81,0.00,0.00,0.00,0.00,7.38,0.00,0.00,7.14,7.03,0.00,0.00,0.00,0.00,0.00,0.00,0.00,0.00,0.00,0.00,0.00,7.54,0.00,0.00,0.00,0.00,0.00,0.00,0.00,0.00,0.00,"*","Race data may be missing for a substantial number of cases.  See the 'Data Limitations' page for further information.","Note:","Rates are per 100,000 population.  ","Source:","California Department of Health Services, STD Control Branch"
2,"Humboldt","Humboldt County – Chlamydia, Gonorrhea, and P&S Syphilis","7/6/2006","Rates by Age Group (2005), Race/Ethnicity (2005), and Year",0.00,25.22,1737.07,1506.35,927.02,263.08,61.22,3.68,0.00,0.00,230.94,652.07,345.54,137.42,96.72,4.07,0.00,0.00,39.47,94.14,0.00,26.30,12.24,11.04,0.00,0.00,19.24,62.10,92.14,0.00,36.27,0.00,0.00,0.00,0.00,0.00,0.00,0.00,0.00,0.00,0.00,0.00,0.00,0.00,0.00,0.00,0.00,0.00,470.18,657.89,2564.10,450.91,268.77,51.51,352.42,689.65,313.07,77.77,98.98,73.09,213.67,20.49,13.24,25.75,0.00,413.79,0.00,7.77,0.00,0.00,0.00,0.00,0.00,0.00,0.00,0.00,0.00,0.00,1996.00,1997.00,1998.00,1999.00,2000.00,2001.00,2002.00,2003.00,2004.00,2005.00,300.01,403.85,459.79,392.55,409.19,343.57,330.05,389.09,360.46,363.87,53.26,104.14,224.25,134.51,141.49,146.78,158.67,161.90,132.87,129.30,93.16,81.39,132.27,101.65,34.22,29.40,16.96,32.16,50.19,21.22,30.66,27.23,72.59,51.24,20.66,14.20,14.13,31.13,27.81,18.47,0.00,0.00,0.00,0.00,0.00,0.00,0.00,0.00,0.00,0.00,0.00,0.00,0.00,0.00,0.00,0.00,0.00,0.00,1.54,0.00,"*","Race data may be missing for a substantial number of cases.  See the 'Data Limitations' page for further information.","Note:","Rates are per 100,000 population.  ","Source:","California Department of Health Services, STD Control Branch"
2,"Imperial","Imperial County – Chlamydia, Gonorrhea, and P&S Syphilis","7/6/2006","Rates by Age Group (2005), Race/Ethnicity (2005), and Year",0.00,30.50,1367.13,2044.88,1567.06,595.23,90.79,0.00,0.00,0.00,169.27,299.27,324.89,108.51,58.78,4.17,0.00,30.50,199.09,266.00,106.24,44.09,9.07,0.00,0.00,0.00,13.02,54.41,170.99,62.00,51.44,0.00,0.00,0.00,0.00,16.62,0.00,0.00,0.00,0.00,0.00,0.00,0.00,0.00,0.00,0.00,0.00,0.00,273.22,124.45,336.86,363.06,72.34,185.01,0.00,40.57,63.86,13.71,0.00,0.00,48.12,47.50,24.11,0.00,0.00,40.57,16.37,20.57,0.00,0.00,0.00,1.69,0.00,0.00,0.00,0.00,0.00,0.00,1996.00,1997.00,1998.00,1999.00,2000.00,2001.00,2002.00,2003.00,2004.00,2005.00,225.21,351.73,335.31,319.10,473.51,500.06,506.06,437.78,380.01,429.64,16.89,84.86,69.10,53.13,85.30,137.69,117.91,89.60,108.26,84.57,28.33,38.75,41.91,19.29,17.48,34.38,47.66,34.09,25.33,52.23,12.67,15.30,17.96,12.26,14.66,23.60,34.60,19.91,29.19,30.97,0.00,0.00,0.00,0.00,0.00,0.00,0.00,0.00,0.00,1.30,0.00,0.00,0.00,0.00,0.00,0.00,0.00,2.48,0.00,0.00,"*","Race data may be missing for a substantial number of cases.  See the 'Data Limitations' page for further information.","Note:","Rates are per 100,000 population.  ","Source:","California Department of Health Services, STD Control Branch"
2,"Inyo","Inyo County – Chlamydia, Gonorrhea, and P&S Syphilis","7/6/2006","Rates by Age Group (2005), Race/Ethnicity (2005), and Year",0.00,0.00,602.40,984.52,214.59,287.35,197.82,0.00,0.00,0.00,0.00,409.27,225.22,285.71,0.00,0.00,0.00,0.00,0.00,0.00,214.59,0.00,0.00,0.00,0.00,0.00,0.00,272.85,225.22,0.00,0.00,0.00,0.00,0.00,0.00,0.00,0.00,0.00,0.00,0.00,0.00,0.00,0.00,0.00,0.00,0.00,0.00,0.00,317.46,0.00,0.00,467.65,73.12,231.21,0.00,0.00,0.00,45.91,0.00,0.00,0.00,0.00,29.24,0.00,0.00,0.00,0.00,15.30,0.00,0.00,0.00,0.00,0.00,0.00,0.00,0.00,0.00,0.00,1996.00,1997.00,1998.00,1999.00,2000.00,2001.00,2002.00,2003.00,2004.00,2005.00,224.95,298.57,256.30,271.17,128.38,139.57,137.75,199.74,284.72,158.59,55.91,22.38,22.51,45.58,0.00,101.20,11.08,32.94,88.00,66.12,21.42,0.00,10.67,0.00,0.00,0.00,0.00,10.51,21.09,21.14,11.18,0.00,0.00,11.39,0.00,11.24,11.08,0.00,22.00,33.06,0.00,0.00,0.00,0.00,0.00,0.00,0.00,0.00,0.00,0.00,0.00,0.00,0.00,0.00,0.00,0.00,0.00,0.00,0.00,0.00,"*","Race data may be missing for a substantial number of cases.  See the 'Data Limitations' page for further information.","Note:","Rates are per 100,000 population.  ","Source:","California Department of Health Services, STD Control Branch"
2,"Kern","Kern County – Chlamydia, Gonorrhea, and P&S Syphilis","7/6/2006","Rates by Age Group (2005), Race/Ethnicity (2005), and Year",6.87,159.90,3300.63,3378.84,1768.32,651.48,177.38,26.12,3.28,17.88,842.43,1314.73,997.79,385.80,174.58,22.32,0.00,47.03,643.23,767.26,560.35,253.09,99.90,11.42,0.00,17.88,283.86,534.20,402.15,202.84,148.85,30.90,0.00,0.00,3.24,0.00,4.59,4.68,0.00,0.00,0.00,0.00,3.05,5.93,7.58,3.97,5.51,0.85,171.55,154.28,1542.15,826.61,332.38,52.91,71.03,900.32,344.41,107.74,34.31,37.02,610.13,151.81,102.61,0.00,19.37,467.11,126.36,65.14,0.00,0.00,4.80,1.28,0.00,0.00,0.00,7.53,2.35,2.50,1996.00,1997.00,1998.00,1999.00,2000.00,2001.00,2002.00,2003.00,2004.00,2005.00,363.15,388.27,428.87,555.27,641.73,665.59,658.02,735.63,756.09,741.29,78.22,91.33,88.84,102.69,131.42,167.42,173.11,223.20,275.47,318.80,53.55,49.58,64.87,92.33,105.30,145.36,133.19,122.84,135.53,183.60,55.06,39.67,61.76,63.29,66.88,101.08,100.84,91.13,125.12,145.05,1.95,2.25,2.55,1.88,0.30,1.50,0.00,0.28,0.28,0.82,2.81,4.61,1.82,2.08,1.76,1.14,2.24,0.54,0.26,2.60,"*","Race data may be missing for a substantial number of cases.  See the 'Data Limitations' page for further information.","Note:","Rates are per 100,000 population.  ","Source:","California Department of Health Services, STD Control Branch"
2,"Kings","Kings County – Chlamydia, Gonorrhea, and P&S Syphilis","7/6/2006","Rates by Age Group (2005), Race/Ethnicity (2005), and Year",0.00,143.75,3493.78,4271.01,1413.24,404.28,118.24,21.42,0.00,50.94,715.11,965.46,509.79,90.43,39.63,4.98,0.00,17.96,388.19,648.47,209.36,47.56,21.49,0.00,0.00,0.00,99.78,284.68,241.48,103.35,52.85,0.00,0.00,0.00,0.00,0.00,0.00,0.00,0.00,0.00,0.00,0.00,0.00,0.00,0.00,0.00,0.00,0.00,1207.72,254.99,1350.94,898.53,398.81,287.63,0.00,289.62,272.98,87.99,483.09,0.00,150.10,136.35,46.91,287.63,0.00,115.84,91.87,35.85,0.00,0.00,0.00,0.00,0.00,0.00,0.00,0.00,0.00,0.00,1996.00,1997.00,1998.00,1999.00,2000.00,2001.00,2002.00,2003.00,2004.00,2005.00,357.69,465.57,537.20,503.55,602.30,622.78,666.50,755.90,752.67,757.60,81.98,111.64,117.39,118.88,147.58,186.98,152.53,162.81,188.80,215.17,51.66,47.34,68.33,53.49,59.68,46.00,60.59,75.59,92.23,100.15,39.47,32.74,25.46,27.32,33.54,23.70,25.85,35.33,79.49,77.02,0.00,0.00,0.00,0.00,0.00,3.53,0.00,0.00,0.00,0.00,1.51,1.48,0.00,0.00,0.00,1.31,1.29,1.26,0.00,0.00,"*","Race data may be missing for a substantial number of cases.  See the 'Data Limitations' page for further information.","Note:","Rates are per 100,000 population.  ","Source:","California Department of Health Services, STD Control Branch"
2,"Lake","Lake County – Chlamydia, Gonorrhea, and P&S Syphilis","7/6/2006","Rates by Age Group (2005), Race/Ethnicity (2005), and Year",0.00,87.71,1972.38,1525.32,1309.52,473.61,128.92,12.59,0.00,0.00,386.24,538.21,593.47,0.00,46.92,6.81,0.00,0.00,118.34,122.02,476.19,202.97,42.97,6.29,0.00,0.00,231.74,107.64,395.64,305.11,46.92,0.00,0.00,0.00,0.00,0.00,0.00,0.00,0.00,0.00,0.00,0.00,0.00,0.00,0.00,0.00,0.00,0.00,330.57,245.09,814.90,374.26,266.66,0.00,371.74,120.48,148.14,74.97,0.00,0.00,0.00,46.78,43.78,0.00,0.00,120.48,84.65,49.98,0.00,0.00,0.00,0.00,0.00,0.00,0.00,0.00,0.00,0.00,1996.00,1997.00,1998.00,1999.00,2000.00,2001.00,2002.00,2003.00,2004.00,2005.00,114.87,134.87,138.75,164.29,130.94,220.67,305.60,316.28,180.10,315.06,10.77,14.24,21.38,38.65,24.07,57.43,75.99,107.34,47.98,91.49,27.84,3.45,13.87,3.42,3.35,9.88,3.21,6.32,3.10,45.88,25.13,3.56,17.82,14.05,3.43,3.37,0.00,0.00,0.00,56.79,0.00,0.00,0.00,0.00,0.00,0.00,0.00,0.00,0.00,0.00,0.00,0.00,0.00,0.00,0.00,0.00,0.00,0.00,3.19,0.00,"*","Race data may be missing for a substantial number of cases.  See the 'Data Limitations' page for further information.","Note:","Rates are per 100,000 population.  ","Source:","California Department of Health Services, STD Control Branch"
2,"Lassen","Lassen County – Chlamydia, Gonorrhea, and P&S Syphilis","7/6/2006","Rates by Age Group (2005), Race/Ethnicity (2005), and Year",0.00,0.00,1000.00,1150.52,763.35,0.00,113.63,0.00,0.00,0.00,130.89,343.99,38.98,38.92,46.21,0.00,0.00,0.00,90.90,287.63,0.00,0.00,0.00,0.00,0.00,0.00,0.00,171.99,0.00,38.92,46.21,15.32,0.00,0.00,0.00,0.00,0.00,0.00,0.00,0.00,0.00,0.00,0.00,0.00,0.00,0.00,0.00,0.00,207.46,0.00,671.14,0.00,140.16,0.00,0.00,30.41,145.73,27.55,207.46,0.00,0.00,0.00,9.34,0.00,0.00,30.41,72.86,27.55,0.00,0.00,0.00,0.00,0.00,0.00,0.00,0.00,0.00,0.00,1996.00,1997.00,1998.00,1999.00,2000.00,2001.00,2002.00,2003.00,2004.00,2005.00,136.39,141.34,176.52,160.07,110.10,117.92,258.94,231.41,175.84,228.51,25.24,37.59,14.27,23.65,9.37,23.44,65.46,64.60,73.50,73.28,8.02,15.70,32.09,0.00,7.86,15.72,7.84,7.71,30.58,30.46,15.14,0.00,9.51,4.73,4.68,0.00,4.67,13.84,21.61,43.10,0.00,0.00,0.00,0.00,0.00,0.00,0.00,0.00,0.00,0.00,0.00,0.00,0.00,0.00,0.00,0.00,0.00,0.00,0.00,0.00,"*","Race data may be missing for a substantial number of cases.  See the 'Data Limitations' page for further information.","Note:","Rates are per 100,000 population.  ","Source:","California Department of Health Services, STD Control Branch"
2,"Long Beach","Long Beach City – Chlamydia, Gonorrhea, and P&S Syphilis","7/6/2006","Rates by Age Group (2005), Race/Ethnicity (2005), and Year",0.00,86.76,3338.90,3327.07,1170.98,519.65,209.49,26.67,0.00,25.63,738.26,1156.70,665.80,257.97,208.54,37.27,2.39,5.42,489.70,557.04,215.46,98.31,57.61,8.42,0.00,0.00,225.42,389.22,443.86,239.55,221.41,30.79,0.00,0.00,0.00,0.00,0.00,0.00,0.00,2.80,0.00,0.00,0.00,10.96,39.45,32.24,84.96,24.30,0.00,381.98,999.23,746.58,144.16,216.40,132.43,517.73,243.51,82.23,103.89,29.38,302.64,54.48,29.07,216.40,36.42,353.28,86.01,72.26,0.00,0.00,0.00,1.15,1.21,0.00,9.93,18.27,18.98,46.10,1996.00,1997.00,1998.00,1999.00,2000.00,2001.00,2002.00,2003.00,2004.00,2005.00,467.86,503.89,542.58,623.90,642.61,665.49,635.04,687.94,665.61,693.57,132.52,138.64,159.38,203.29,229.73,225.42,212.40,253.04,257.98,265.94,124.37,109.85,113.88,117.60,115.99,120.92,96.36,96.59,99.80,117.99,137.18,126.20,127.50,119.11,131.52,149.85,140.32,158.46,150.45,148.30,4.49,5.33,3.07,0.86,0.42,0.83,0.00,0.00,0.00,0.79,8.37,5.52,5.00,4.03,7.89,8.20,16.20,24.80,14.17,26.92,"*","Race data may be missing for a substantial number of cases.  See the 'Data Limitations' page for further information.","Note:","Rates are per 100,000 population.  ","Source:","California Department of Health Services, STD Control Branch"
2,"Los Angeles","Los Angeles County – Chlamydia, Gonorrhea, and P&S Syphilis","7/6/2006","Rates by Age Group (2005), Race/Ethnicity (2005), and Year",0.27,86.09,2572.17,3238.12,1474.79,599.75,201.18,27.16,0.00,13.90,642.95,1099.35,694.89,366.57,182.45,32.77,0.27,21.77,467.79,507.79,237.82,94.11,48.19,6.70,0.13,5.75,218.22,404.25,337.02,224.36,158.62,34.80,0.00,0.00,1.38,2.73,3.29,1.88,2.16,0.44,0.00,0.00,1.33,16.57,23.68,27.81,32.01,8.55,192.10,215.84,1266.97,548.23,143.90,39.31,65.96,699.09,179.68,71.70,61.96,22.10,439.51,50.16,31.55,52.42,17.36,507.37,55.12,58.85,0.00,0.00,5.70,0.82,0.55,6.55,4.61,20.83,9.17,17.66,1996.00,1997.00,1998.00,1999.00,2000.00,2001.00,2002.00,2003.00,2004.00,2005.00,370.51,413.61,429.93,488.31,512.05,531.83,549.94,559.46,576.17,579.73,104.89,125.61,121.59,140.89,181.21,184.72,214.67,226.28,235.17,242.86,64.83,62.95,65.46,65.52,69.38,76.98,73.76,79.13,92.61,99.90,76.81,76.46,76.39,75.68,96.44,96.48,96.36,94.90,112.76,122.68,2.19,0.94,1.25,0.54,0.39,0.24,0.38,0.55,0.68,1.11,3.39,1.87,1.76,1.65,2.79,4.17,7.85,10.11,9.57,12.88,"*","Race data may be missing for a substantial number of cases.  See the 'Data Limitations' page for further information.","Note:","Rates are per 100,000 population.  Los Angeles County includes Long Beach & Pasadena City Health Jurisdictions.","Source:","California Department of Health Services, STD Control Branch"
2,"Madera","Madera County – Chlamydia, Gonorrhea, and P&S Syphilis","7/6/2006","Rates by Age Group (2005), Race/Ethnicity (2005), and Year",0.00,37.38,2518.40,3470.25,1909.30,915.60,470.01,57.15,0.00,17.86,220.18,588.71,365.40,119.90,77.23,4.65,0.00,0.00,251.84,531.16,397.77,278.66,178.60,12.24,0.00,0.00,36.69,130.82,121.80,47.96,90.10,18.62,0.00,0.00,0.00,0.00,0.00,0.00,0.00,0.00,0.00,0.00,0.00,0.00,0.00,0.00,0.00,0.00,155.15,163.53,152.16,885.28,169.95,0.00,0.00,163.66,179.95,28.38,77.57,0.00,101.44,82.99,28.32,0.00,0.00,0.00,56.05,10.64,0.00,0.00,0.00,0.00,0.00,0.00,0.00,0.00,0.00,0.00,1996.00,1997.00,1998.00,1999.00,2000.00,2001.00,2002.00,2003.00,2004.00,2005.00,365.04,305.65,298.71,388.85,439.53,382.79,518.91,550.02,984.12,741.21,49.30,62.02,63.22,80.71,97.42,85.54,117.48,108.81,167.63,118.36,46.05,21.36,27.44,26.76,27.76,31.77,56.33,76.11,184.69,137.41,54.78,26.58,52.68,24.04,16.79,19.74,25.74,40.41,76.19,43.44,5.11,3.28,1.61,0.00,0.00,0.00,1.48,0.00,0.00,0.00,1.82,8.86,0.00,3.43,0.00,0.00,0.00,0.00,0.00,0.00,"*","Race data may be missing for a substantial number of cases.  See the 'Data Limitations' page for further information.","Note:","Rates are per 100,000 population.  ","Source:","California Department of Health Services, STD Control Branch"
2,"Marin","Marin County – Chlamydia, Gonorrhea, and P&S Syphilis","7/6/2006","Rates by Age Group (2005), Race/Ethnicity (2005), and Year",0.00,14.32,1056.08,1637.34,1124.12,221.30,88.27,11.04,0.00,0.00,271.03,1002.40,1320.59,556.98,182.51,23.35,0.00,0.00,42.81,156.76,70.25,31.61,5.19,1.57,0.00,0.00,38.71,147.01,69.50,27.17,50.69,23.35,0.00,0.00,0.00,0.00,0.00,0.00,0.00,0.00,0.00,0.00,0.00,13.36,0.00,13.58,0.00,1.79,263.15,107.41,724.02,608.31,129.63,0.00,0.00,243.55,150.87,54.05,263.15,0.00,42.58,28.62,8.97,0.00,18.78,142.07,34.81,24.37,0.00,0.00,0.00,0.00,0.00,0.00,0.00,0.00,5.80,2.11,1996.00,1997.00,1998.00,1999.00,2000.00,2001.00,2002.00,2003.00,2004.00,2005.00,126.75,167.54,157.68,141.61,168.43,169.27,168.33,153.31,203.05,201.85,49.16,43.46,47.43,62.66,61.68,70.99,60.36,45.02,165.27,209.67,25.01,19.71,13.88,12.13,15.16,16.68,11.91,18.27,16.65,15.03,27.12,20.89,19.13,21.43,29.22,41.14,26.56,25.73,27.27,34.41,0.00,0.82,0.00,0.00,0.00,0.00,0.00,0.00,0.00,0.00,0.00,0.00,0.00,0.82,0.81,4.03,4.02,2.41,0.00,2.40,"*","Race data may be missing for a substantial number of cases.  See the 'Data Limitations' page for further information.","Note:","Rates are per 100,000 population.  ","Source:","California Department of Health Services, STD Control Branch"
2,"Mariposa","Mariposa County – Chlamydia, Gonorrhea, and P&S Syphilis","7/6/2006","Rates by Age Group (2005), Race/Ethnicity (2005), and Year",0.00,0.00,610.68,1553.39,0.00,259.06,0.00,0.00,0.00,0.00,301.65,152.67,205.33,0.00,0.00,0.00,0.00,0.00,152.67,388.34,0.00,777.20,0.00,0.00,0.00,0.00,0.00,0.00,205.33,0.00,80.84,0.00,0.00,0.00,0.00,0.00,0.00,0.00,0.00,0.00,0.00,0.00,0.00,0.00,0.00,0.00,0.00,0.00,0.00,0.00,0.00,0.00,106.52,0.00,1219.51,0.00,0.00,26.40,0.00,0.00,0.00,0.00,53.26,0.00,0.00,0.00,0.00,0.00,0.00,0.00,0.00,0.00,0.00,0.00,0.00,0.00,0.00,0.00,1996.00,1997.00,1998.00,1999.00,2000.00,2001.00,2002.00,2003.00,2004.00,2005.00,123.50,110.28,72.58,108.43,142.68,95.46,139.11,68.25,168.18,144.97,11.86,11.71,11.55,0.00,34.18,11.46,22.31,65.97,65.08,43.22,0.00,0.00,0.00,12.04,0.00,11.93,57.96,0.00,0.00,66.91,0.00,0.00,0.00,0.00,11.39,11.46,11.15,10.99,21.69,21.61,0.00,0.00,0.00,0.00,11.89,0.00,0.00,0.00,0.00,0.00,0.00,0.00,0.00,0.00,0.00,0.00,0.00,0.00,0.00,0.00,"*","Race data may be missing for a substantial number of cases.  See the 'Data Limitations' page for further information.","Note:","Rates are per 100,000 population.  ","Source:","California Department of Health Services, STD Control Branch"
2,"Mendocino","Mendocino County – Chlamydia, Gonorrhea, and P&S Syphilis","7/6/2006","Rates by Age Group (2005), Race/Ethnicity (2005), and Year",0.00,0.00,1543.48,1800.18,759.49,513.69,36.85,0.00,0.00,0.00,193.31,739.92,431.96,155.40,36.27,10.88,0.00,0.00,89.04,60.00,42.19,171.23,36.85,0.00,0.00,0.00,55.23,0.00,0.00,0.00,0.00,5.44,0.00,0.00,0.00,0.00,0.00,0.00,0.00,0.00,0.00,0.00,0.00,0.00,0.00,0.00,0.00,0.00,334.44,0.00,0.00,361.10,338.88,0.00,0.00,0.00,158.57,125.86,0.00,0.00,0.00,12.45,30.25,0.00,0.00,0.00,10.57,6.29,0.00,0.00,0.00,0.00,0.00,0.00,0.00,0.00,0.00,0.00,1996.00,1997.00,1998.00,1999.00,2000.00,2001.00,2002.00,2003.00,2004.00,2005.00,193.48,167.80,233.18,226.87,302.37,328.47,279.54,346.42,327.22,324.84,52.49,44.84,56.72,51.58,90.28,64.49,95.46,94.56,100.18,121.53,0.00,11.65,4.66,0.00,13.74,13.68,13.52,31.28,22.10,26.33,7.15,0.00,9.45,11.72,6.94,11.51,13.63,18.01,13.35,6.62,0.00,0.00,0.00,0.00,0.00,0.00,0.00,0.00,0.00,0.00,0.00,0.00,0.00,0.00,0.00,0.00,0.00,0.00,6.67,0.00,"*","Race data may be missing for a substantial number of cases.  See the 'Data Limitations' page for further information.","Note:","Rates are per 100,000 population.  ","Source:","California Department of Health Services, STD Control Branch"
2,"Merced","Merced County – Chlamydia, Gonorrhea, and P&S Syphilis","7/6/2006","Rates by Age Group (2005), Race/Ethnicity (2005), and Year",0.00,123.31,2400.34,2800.33,1420.10,738.10,209.10,24.86,0.00,0.00,424.69,817.69,547.91,304.41,79.82,15.27,0.00,26.42,240.03,550.73,345.76,203.61,143.38,11.04,0.00,0.00,130.67,241.00,223.63,126.83,122.81,21.38,0.00,0.00,0.00,0.00,0.00,0.00,0.00,0.00,0.00,0.00,0.00,0.00,0.00,0.00,0.00,0.00,568.18,325.60,1447.14,582.44,275.44,0.00,92.80,694.80,179.99,67.18,340.90,39.07,441.50,107.73,64.20,0.00,13.25,411.73,72.97,32.50,0.00,0.00,0.00,0.00,0.00,0.00,0.00,0.00,0.00,0.00,1996.00,1997.00,1998.00,1999.00,2000.00,2001.00,2002.00,2003.00,2004.00,2005.00,372.65,358.91,396.20,386.21,363.83,383.09,485.60,625.57,586.76,661.79,65.61,72.40,50.08,48.36,70.43,47.15,89.54,128.55,163.84,194.80,42.41,24.71,40.01,21.13,29.29,39.50,35.64,66.62,98.49,132.19,33.30,25.78,42.22,18.37,22.84,14.79,27.75,55.59,80.23,82.66,0.00,0.00,2.92,0.00,1.89,0.91,0.00,0.00,0.00,0.00,0.00,0.99,1.96,0.96,7.61,3.69,0.00,0.00,0.00,0.00,"*","Race data may be missing for a substantial number of cases.  See the 'Data Limitations' page for further information.","Note:","Rates are per 100,000 population.  ","Source:","California Department of Health Services, STD Control Branch"
2,"Modoc","Modoc County – Chlamydia, Gonorrhea, and P&S Syphilis","7/6/2006","Rates by Age Group (2005), Race/Ethnicity (2005), and Year",0.00,0.00,271.00,1166.18,1648.35,487.80,0.00,0.00,0.00,0.00,250.62,0.00,0.00,0.00,0.00,0.00,0.00,0.00,542.00,0.00,0.00,0.00,0.00,0.00,0.00,0.00,0.00,484.26,0.00,0.00,0.00,0.00,0.00,0.00,0.00,0.00,0.00,0.00,0.00,0.00,0.00,0.00,0.00,0.00,0.00,0.00,0.00,0.00,0.00,0.00,0.00,0.00,156.78,0.00,0.00,0.00,0.00,26.42,0.00,0.00,0.00,0.00,26.13,0.00,0.00,0.00,0.00,26.42,0.00,0.00,0.00,0.00,0.00,0.00,0.00,0.00,0.00,0.00,1996.00,1997.00,1998.00,1999.00,2000.00,2001.00,2002.00,2003.00,2004.00,2005.00,41.03,60.71,83.94,107.59,170.75,127.68,193.50,169.38,104.18,187.81,19.83,58.99,0.00,42.11,41.75,0.00,21.05,0.00,20.50,20.55,0.00,20.23,0.00,0.00,21.34,21.28,0.00,0.00,0.00,41.73,0.00,19.66,0.00,21.05,0.00,0.00,0.00,0.00,0.00,41.11,0.00,0.00,0.00,0.00,0.00,0.00,0.00,0.00,0.00,0.00,0.00,0.00,0.00,0.00,0.00,0.00,0.00,0.00,0.00,0.00,"*","Race data may be missing for a substantial number of cases.  See the 'Data Limitations' page for further information.","Note:","Rates are per 100,000 population.  ","Source:","California Department of Health Services, STD Control Branch"
2,"Mono","Mono County – Chlamydia, Gonorrhea, and P&S Syphilis","7/6/2006","Rates by Age Group (2005), Race/Ethnicity (2005), and Year",0.00,0.00,256.41,1086.95,243.30,228.31,0.00,0.00,0.00,0.00,0.00,379.50,0.00,0.00,0.00,0.00,0.00,0.00,256.41,0.00,0.00,0.00,0.00,0.00,0.00,0.00,0.00,189.75,0.00,0.00,87.41,0.00,0.00,0.00,0.00,0.00,0.00,0.00,0.00,0.00,0.00,0.00,0.00,0.00,0.00,0.00,0.00,0.00,0.00,0.00,0.00,162.07,63.78,0.00,1041.66,0.00,0.00,17.54,0.00,0.00,0.00,0.00,0.00,0.00,0.00,0.00,0.00,17.54,0.00,0.00,0.00,0.00,0.00,0.00,0.00,0.00,0.00,0.00,1996.00,1997.00,1998.00,1999.00,2000.00,2001.00,2002.00,2003.00,2004.00,2005.00,75.67,112.29,73.46,247.13,308.53,67.00,82.41,98.47,192.43,111.07,0.00,15.39,30.08,86.69,84.44,27.50,13.56,13.60,0.00,26.21,0.00,0.00,0.00,17.65,17.14,0.00,0.00,0.00,16.03,15.86,15.61,0.00,0.00,14.44,0.00,13.75,0.00,0.00,0.00,26.21,0.00,0.00,0.00,0.00,0.00,0.00,0.00,0.00,0.00,0.00,0.00,0.00,0.00,0.00,0.00,0.00,0.00,0.00,0.00,0.00,"*","Race data may be missing for a substantial number of cases.  See the 'Data Limitations' page for further information.","Note:","Rates are per 100,000 population.  ","Source:","California Department of Health Services, STD Control Branch"
2,"Monterey","Monterey County – Chlamydia, Gonorrhea, and P&S Syphilis","7/6/2006","Rates by Age Group (2005), Race/Ethnicity (2005), and Year",0.00,45.05,1958.13,2397.80,1206.54,425.61,169.53,12.70,0.00,0.00,284.39,522.88,274.32,184.06,56.01,12.20,0.00,12.87,180.35,233.76,149.96,47.29,20.75,4.23,0.00,6.08,47.39,124.24,124.22,65.31,26.53,10.67,0.00,0.00,0.00,0.00,0.00,0.00,0.00,0.00,0.00,0.00,0.00,0.00,0.00,0.00,0.00,0.00,88.18,155.68,366.13,482.82,105.56,0.00,48.38,160.65,88.00,30.55,88.18,35.38,43.93,34.07,16.73,0.00,0.00,17.85,27.33,7.97,0.00,0.00,0.00,0.00,0.00,0.00,0.00,0.00,0.00,0.00,1996.00,1997.00,1998.00,1999.00,2000.00,2001.00,2002.00,2003.00,2004.00,2005.00,313.47,283.06,337.24,372.78,408.43,501.17,490.16,453.03,477.11,469.64,57.80,58.58,68.54,69.53,93.41,98.82,106.03,117.24,124.04,118.61,19.55,27.32,27.34,21.00,16.93,23.31,32.04,47.97,60.06,49.71,23.01,29.03,28.51,17.62,20.12,17.96,22.42,39.69,43.77,37.88,0.57,1.09,0.00,0.00,0.00,0.00,0.50,0.00,0.00,0.00,0.00,1.52,0.50,0.48,0.95,0.47,2.33,1.38,0.45,0.00,"*","Race data may be missing for a substantial number of cases.  See the 'Data Limitations' page for further information.","Note:","Rates are per 100,000 population.  ","Source:","California Department of Health Services, STD Control Branch"
2,"Napa","Napa County – Chlamydia, Gonorrhea, and P&S Syphilis","7/6/2006","Rates by Age Group (2005), Race/Ethnicity (2005), and Year",0.00,22.25,1272.60,1904.98,934.57,162.73,64.32,3.40,0.00,0.00,82.18,432.81,404.18,167.66,41.61,18.75,0.00,0.00,156.28,211.66,84.96,0.00,21.44,0.00,0.00,0.00,0.00,103.05,95.10,23.95,20.80,3.75,0.00,0.00,0.00,0.00,0.00,0.00,0.00,0.00,0.00,0.00,0.00,20.61,0.00,0.00,20.80,0.00,147.71,36.73,110.01,135.21,36.04,0.00,40.53,0.00,64.86,9.59,0.00,0.00,0.00,29.39,0.00,0.00,40.53,0.00,9.97,0.00,0.00,0.00,0.00,0.00,0.00,0.00,0.00,0.00,4.98,4.79,1996.00,1997.00,1998.00,1999.00,2000.00,2001.00,2002.00,2003.00,2004.00,2005.00,119.61,119.49,176.31,125.00,163.03,151.09,153.66,162.22,170.68,277.93,11.89,21.72,34.81,22.85,28.85,31.48,17.04,30.49,55.56,88.95,6.73,8.29,14.82,14.61,7.99,9.44,6.20,7.65,10.57,31.38,6.79,11.70,11.60,6.53,12.82,14.16,4.64,7.62,21.02,19.27,0.00,0.00,0.00,0.00,0.00,1.57,0.00,0.00,0.00,0.00,0.00,0.00,0.00,0.00,0.00,0.00,0.00,0.00,3.00,4.44,"*","Race data may be missing for a substantial number of cases.  See the 'Data Limitations' page for further information.","Note:","Rates are per 100,000 population.  ","Source:","California Department of Health Services, STD Control Branch"
2,"Nevada","Nevada County – Chlamydia, Gonorrhea, and P&S Syphilis","7/6/2006","Rates by Age Group (2005), Race/Ethnicity (2005), and Year",0.00,0.00,1088.08,782.15,403.40,129.87,30.43,0.00,0.00,0.00,326.18,326.63,155.64,47.84,17.39,4.51,0.00,0.00,51.81,57.93,0.00,43.29,0.00,0.00,0.00,0.00,46.59,25.12,38.91,0.00,17.39,0.00,0.00,0.00,0.00,0.00,0.00,0.00,0.00,0.00,0.00,0.00,0.00,0.00,0.00,0.00,0.00,4.51,461.53,0.00,529.10,424.69,83.70,0.00,200.00,467.28,211.86,27.73,0.00,0.00,0.00,32.66,0.00,0.00,0.00,0.00,0.00,2.31,0.00,0.00,0.00,0.00,0.00,0.00,0.00,0.00,0.00,2.31,1996.00,1997.00,1998.00,1999.00,2000.00,2001.00,2002.00,2003.00,2004.00,2005.00,80.75,48.65,105.18,82.75,109.37,117.59,153.90,172.58,161.81,165.22,9.19,15.84,8.95,33.31,26.20,68.79,67.63,62.93,60.10,69.65,8.97,4.42,0.00,0.00,4.28,4.19,0.00,4.06,13.98,9.83,4.59,2.26,0.00,4.44,6.55,10.74,4.22,8.39,8.28,10.24,0.00,0.00,0.00,0.00,0.00,0.00,0.00,0.00,0.00,0.00,0.00,0.00,0.00,0.00,2.18,0.00,0.00,0.00,0.00,2.04,"*","Race data may be missing for a substantial number of cases.  See the 'Data Limitations' page for further information.","Note:","Rates are per 100,000 population.  ","Source:","California Department of Health Services, STD Control Branch"
2,"Orange","Orange County – Chlamydia, Gonorrhea, and P&S Syphilis","7/6/2006","Rates by Age Group (2005), Race/Ethnicity (2005), and Year",0.00,37.71,1572.89,2447.26,1211.39,479.60,165.87,16.45,0.00,4.16,299.24,689.26,543.55,230.42,104.81,22.21,0.47,3.50,113.42,180.32,114.13,62.89,27.71,4.57,0.00,0.00,51.65,177.73,148.07,100.54,69.61,17.28,0.00,0.00,0.00,0.00,2.00,0.00,0.40,0.18,0.00,0.00,0.89,8.11,15.93,13.40,13.29,3.29,126.26,188.06,478.46,739.11,156.30,22.20,60.33,350.71,229.50,74.82,10.52,15.70,93.98,50.49,21.73,11.10,16.29,165.50,57.80,39.71,0.00,0.00,0.00,0.39,0.26,0.00,2.64,11.82,6.46,6.68,1996.00,1997.00,1998.00,1999.00,2000.00,2001.00,2002.00,2003.00,2004.00,2005.00,167.25,193.04,194.21,272.56,238.28,296.42,275.99,306.48,246.10,419.16,35.22,48.69,58.69,73.17,74.99,94.40,102.50,119.27,95.69,153.19,13.34,14.69,14.04,14.62,13.04,15.65,14.79,22.02,20.46,38.16,19.39,19.18,23.75,25.75,25.84,29.81,31.43,39.15,29.69,52.17,0.52,0.14,0.28,0.63,0.13,0.13,0.00,0.13,0.19,0.25,0.90,0.37,1.53,1.72,1.69,2.62,2.03,2.40,2.77,6.07,"*","Race data may be missing for a substantial number of cases.  See the 'Data Limitations' page for further information.","Note:","Rates are per 100,000 population.  ","Source:","California Department of Health Services, STD Control Branch"
2,"Pasadena","Pasadena City – Chlamydia, Gonorrhea, and P&S Syphilis","7/6/2006","Rates by Age Group (2005), Race/Ethnicity (2005), and Year",0.00,0.00,2898.42,3890.22,1488.17,512.65,183.97,15.00,0.00,22.02,456.01,1246.18,542.27,359.44,157.70,23.72,0.00,0.00,558.41,499.27,182.22,90.46,41.81,0.00,0.00,22.02,250.80,390.59,322.43,258.80,141.10,42.69,0.00,0.00,0.00,0.00,0.00,0.00,0.00,0.00,0.00,0.00,0.00,0.00,14.65,14.37,8.30,0.00,539.17,230.04,450.14,347.90,65.61,0.00,59.27,408.33,113.54,24.83,0.00,12.78,153.05,45.55,3.45,595.19,29.63,311.62,44.60,42.56,0.00,0.00,0.00,0.00,0.00,0.00,0.00,10.74,4.05,3.54,1996.00,1997.00,1998.00,1999.00,2000.00,2001.00,2002.00,2003.00,2004.00,2005.00,301.07,289.03,261.18,307.26,287.27,226.08,250.11,225.51,246.66,612.03,97.04,76.28,72.88,98.32,75.80,82.24,121.19,144.25,124.63,246.30,85.37,40.22,34.13,11.76,17.41,28.61,33.53,20.50,16.26,92.40,54.78,40.47,48.07,41.48,46.99,43.36,46.72,39.99,36.82,138.54,0.00,0.00,5.93,0.00,0.00,0.00,1.39,2.73,1.35,0.00,3.13,0.00,0.00,3.07,0.00,5.98,7.30,4.28,9.91,4.19,"*","Race data may be missing for a substantial number of cases.  See the 'Data Limitations' page for further information.","Note:","Rates are per 100,000 population.  ","Source:","California Department of Health Services, STD Control Branch"
2,"Placer","Placer County – Chlamydia, Gonorrhea, and P&S Syphilis","7/6/2006","Rates by Age Group (2005), Race/Ethnicity (2005), and Year",0.00,17.11,1098.52,1624.54,1038.96,155.27,38.73,4.54,0.00,0.00,205.03,691.32,213.63,131.21,37.19,5.08,0.00,8.55,163.06,108.30,159.84,0.00,23.24,6.06,0.00,0.00,24.60,109.73,124.62,39.36,12.39,3.39,0.00,0.00,0.00,0.00,0.00,0.00,0.00,0.00,0.00,0.00,0.00,0.00,17.80,0.00,0.00,0.00,155.64,191.30,164.47,294.17,106.16,149.58,39.57,161.55,67.77,38.09,77.82,0.00,82.23,13.07,14.94,0.00,0.00,121.16,0.00,13.24,0.00,0.00,0.00,0.00,0.00,0.00,0.00,0.00,0.00,0.82,1996.00,1997.00,1998.00,1999.00,2000.00,2001.00,2002.00,2003.00,2004.00,2005.00,84.62,89.55,106.90,125.07,132.24,137.65,139.20,175.88,203.77,222.12,22.34,14.40,20.95,26.79,47.37,47.43,39.55,59.37,72.80,82.02,11.70,9.56,8.41,4.03,11.02,8.97,10.04,19.23,14.65,30.34,10.24,4.50,6.11,5.86,6.53,7.77,10.44,20.74,22.18,18.82,0.00,0.00,0.00,0.00,0.00,0.00,0.00,0.00,0.00,0.00,0.00,0.00,0.00,0.00,0.00,1.55,1.49,0.00,0.00,0.67,"*","Race data may be missing for a substantial number of cases.  See the 'Data Limitations' page for further information.","Note:","Rates are per 100,000 population.  ","Source:","California Department of Health Services, STD Control Branch"
2,"Plumas","Plumas County – Chlamydia, Gonorrhea, and P&S Syphilis","7/6/2006","Rates by Age Group (2005), Race/Ethnicity (2005), and Year",0.00,0.00,531.20,1236.26,242.71,0.00,0.00,0.00,0.00,0.00,120.62,367.64,219.78,0.00,0.00,0.00,0.00,0.00,0.00,0.00,0.00,0.00,0.00,0.00,0.00,0.00,0.00,122.54,0.00,0.00,0.00,0.00,0.00,0.00,0.00,0.00,0.00,0.00,0.00,0.00,0.00,0.00,0.00,0.00,0.00,0.00,0.00,0.00,0.00,0.00,1369.86,156.98,53.77,0.00,0.00,862.06,0.00,10.87,0.00,0.00,0.00,0.00,0.00,0.00,0.00,0.00,0.00,0.00,0.00,0.00,0.00,0.00,0.00,0.00,0.00,0.00,0.00,0.00,1996.00,1997.00,1998.00,1999.00,2000.00,2001.00,2002.00,2003.00,2004.00,2005.00,125.36,85.70,124.50,115.50,38.37,113.90,123.03,56.58,122.41,131.97,9.66,19.10,28.87,9.65,0.00,9.49,37.91,18.90,47.25,66.31,9.64,0.00,28.73,0.00,0.00,9.49,0.00,0.00,0.00,0.00,9.66,0.00,0.00,0.00,9.61,0.00,0.00,47.27,18.90,9.47,0.00,0.00,0.00,0.00,0.00,0.00,0.00,0.00,0.00,0.00,0.00,0.00,0.00,0.00,0.00,0.00,0.00,0.00,0.00,0.00,"*","Race data may be missing for a substantial number of cases.  See the 'Data Limitations' page for further information.","Note:","Rates are per 100,000 population.  ","Source:","California Department of Health Services, STD Control Branch"
2,"Riverside","Riverside County – Chlamydia, Gonorrhea, and P&S Syphilis","7/6/2006","Rates by Age Group (2005), Race/Ethnicity (2005), and Year",0.74,42.88,1563.32,2196.22,1132.20,382.68,97.14,7.13,0.00,0.00,309.82,550.85,384.29,139.47,50.40,12.61,0.00,3.89,153.49,266.20,144.30,63.78,26.29,3.27,0.71,2.49,85.51,151.66,175.92,98.45,48.24,9.95,0.00,0.00,0.00,0.00,0.00,1.67,3.65,0.29,0.00,0.00,2.47,11.44,10.24,19.69,25.20,11.28,288.18,202.55,707.09,498.31,228.13,197.36,58.07,278.79,132.40,59.41,62.64,20.88,139.86,48.53,34.80,65.78,16.93,156.43,39.20,32.22,0.00,0.00,0.00,0.25,1.43,13.15,4.83,7.74,4.93,17.11,1996.00,1997.00,1998.00,1999.00,2000.00,2001.00,2002.00,2003.00,2004.00,2005.00,200.25,231.00,245.96,262.90,323.99,333.94,380.76,334.13,275.31,391.23,39.72,38.17,49.73,50.27,70.83,86.96,103.51,103.39,87.11,113.50,31.76,30.50,33.12,20.50,28.96,40.77,42.84,38.93,35.63,48.81,25.43,28.66,27.40,21.62,27.40,38.01,44.05,40.67,42.84,47.14,0.85,0.13,0.27,0.13,0.00,0.36,0.00,0.33,0.10,0.74,0.71,0.41,0.13,0.13,0.77,1.73,6.80,8.11,8.85,10.41,"*","Race data may be missing for a substantial number of cases.  See the 'Data Limitations' page for further information.","Note:","Rates are per 100,000 population.  ","Source:","California Department of Health Services, STD Control Branch"
2,"Sacramento","Sacramento County – Chlamydia, Gonorrhea, and P&S Syphilis","7/6/2006","Rates by Age Group (2005), Race/Ethnicity (2005), and Year",1.04,162.05,3716.68,3440.91,1299.19,519.54,189.43,15.50,0.00,18.25,890.70,1300.60,623.54,287.84,174.10,26.51,0.00,38.58,895.35,705.25,310.67,150.48,78.52,11.53,0.00,10.95,349.85,622.88,346.63,207.88,138.11,37.88,0.00,0.00,0.00,0.00,0.00,0.00,0.00,0.00,0.00,0.00,1.78,1.95,3.87,3.55,6.80,0.47,172.33,294.46,1030.36,410.40,189.69,67.43,84.21,602.55,126.84,76.00,44.95,37.75,370.12,62.68,41.23,25.28,24.06,420.57,52.79,40.73,0.00,0.00,0.00,0.00,0.00,0.00,0.00,2.69,2.74,2.43,1996.00,1997.00,1998.00,1999.00,2000.00,2001.00,2002.00,2003.00,2004.00,2005.00,493.73,464.55,509.25,553.81,543.70,504.43,535.64,559.68,644.04,696.07,128.77,126.09,156.42,165.44,196.12,177.28,177.21,210.88,245.45,278.04,127.28,130.19,143.55,111.80,112.52,95.08,116.59,127.78,142.40,168.36,118.13,106.53,117.49,89.93,96.98,87.19,103.75,127.08,139.21,152.56,0.34,0.34,0.00,0.16,0.15,0.15,0.00,0.14,0.00,0.00,0.72,0.35,0.17,0.16,0.00,0.48,1.72,2.45,2.69,2.04,"*","Race data may be missing for a substantial number of cases.  See the 'Data Limitations' page for further information.","Note:","Rates are per 100,000 population.  ","Source:","California Department of Health Services, STD Control Branch"
2,"San Benito","San Benito County – Chlamydia, Gonorrhea, and P&S Syphilis","7/6/2006","Rates by Age Group (2005), Race/Ethnicity (2005), and Year",0.00,79.49,998.75,1730.95,954.19,324.14,42.86,10.76,0.00,0.00,154.02,480.76,113.63,210.41,42.79,0.00,0.00,39.74,208.07,346.19,318.06,270.12,64.29,10.76,0.00,0.00,77.01,305.94,284.09,157.81,171.19,0.00,0.00,0.00,0.00,0.00,0.00,0.00,21.43,0.00,0.00,0.00,0.00,0.00,0.00,0.00,0.00,0.00,0.00,244.79,0.00,422.84,188.97,0.00,0.00,0.00,126.58,30.77,0.00,122.39,0.00,136.17,52.91,0.00,0.00,0.00,146.56,23.08,0.00,0.00,0.00,7.16,0.00,0.00,0.00,0.00,0.00,0.00,1996.00,1997.00,1998.00,1999.00,2000.00,2001.00,2002.00,2003.00,2004.00,2005.00,320.52,146.13,209.53,224.91,244.86,264.56,322.37,354.38,407.73,298.03,38.66,20.40,35.42,37.83,14.69,42.96,56.44,55.80,123.34,77.71,4.39,8.35,16.11,11.63,7.53,3.67,25.35,25.05,80.84,93.56,12.88,20.40,11.80,15.13,11.01,7.16,24.69,24.41,78.80,84.47,0.00,0.00,0.00,0.00,0.00,0.00,0.00,0.00,0.00,3.46,0.00,0.00,0.00,0.00,0.00,0.00,0.00,0.00,0.00,0.00,"*","Race data may be missing for a substantial number of cases.  See the 'Data Limitations' page for further information.","Note:","Rates are per 100,000 population.  ","Source:","California Department of Health Services, STD Control Branch"
2,"San Bernardino","San Bernardino County – Chlamydia, Gonorrhea, and P&S Syphilis","7/6/2006","Rates by Age Group (2005), Race/Ethnicity (2005), and Year",1.41,82.72,2358.08,2846.70,1121.65,432.23,155.20,19.02,0.00,9.03,470.17,848.18,460.53,207.53,96.41,20.58,0.00,26.37,425.94,483.50,260.11,128.17,51.73,6.00,0.00,9.03,167.84,385.11,276.84,164.35,89.37,20.58,0.00,0.00,0.00,1.35,3.00,1.36,0.68,0.00,0.00,0.00,0.00,2.36,2.62,1.39,2.11,0.37,148.96,119.45,798.22,313.02,229.12,62.59,54.38,389.64,96.63,67.55,44.68,22.75,268.34,43.41,45.34,46.94,9.32,301.13,36.64,43.30,0.00,0.00,1.94,0.62,0.00,0.00,0.00,1.01,0.80,1.03,1996.00,1997.00,1998.00,1999.00,2000.00,2001.00,2002.00,2003.00,2004.00,2005.00,294.40,351.34,418.25,415.35,468.28,494.74,507.07,552.85,603.09,574.88,62.90,79.85,111.05,102.79,129.11,138.57,152.18,177.50,195.82,190.98,51.77,59.55,62.27,48.24,66.74,78.08,84.38,101.05,104.82,114.70,51.90,54.22,45.93,37.63,58.26,66.39,82.31,92.60,96.60,103.00,0.24,0.49,0.36,0.59,0.81,0.11,0.22,0.21,0.00,0.51,0.62,0.49,0.48,0.83,0.34,0.45,0.66,1.49,2.20,0.92,"*","Race data may be missing for a substantial number of cases.  See the 'Data Limitations' page for further information.","Note:","Rates are per 100,000 population.  ","Source:","California Department of Health Services, STD Control Branch"
2,"San Diego","San Diego County – Chlamydia, Gonorrhea, and P&S Syphilis","7/6/2006","Rates by Age Group (2005), Race/Ethnicity (2005), and Year",1.63,80.30,2265.49,2591.67,1051.06,437.90,146.34,17.34,0.52,4.86,370.96,714.33,434.09,232.60,152.88,32.06,0.00,19.56,338.49,279.47,134.69,53.68,39.48,4.42,0.00,2.91,112.13,243.19,199.50,148.86,139.57,31.00,0.00,0.00,3.67,3.47,4.67,3.35,2.57,0.18,0.00,0.00,3.37,9.69,15.82,23.26,27.05,7.43,293.17,187.77,686.12,335.45,124.22,63.17,57.70,314.41,103.79,49.64,47.28,18.65,189.69,30.76,12.63,45.12,21.47,171.29,26.52,28.38,0.00,1.20,3.69,2.49,1.06,0.00,3.35,18.03,9.39,13.09,1996.00,1997.00,1998.00,1999.00,2000.00,2001.00,2002.00,2003.00,2004.00,2005.00,318.48,354.35,396.26,421.80,452.35,449.48,495.49,509.39,528.54,519.49,98.33,108.42,114.79,122.30,145.51,152.88,178.16,177.69,189.60,193.04,67.80,49.36,50.30,47.03,49.83,47.69,48.99,48.96,62.29,70.83,64.85,59.58,64.28,64.37,74.86,75.19,90.26,82.44,93.91,95.64,0.84,0.37,0.51,0.43,0.42,0.41,0.40,0.26,0.66,1.63,1.88,1.33,1.23,1.36,1.47,1.44,2.16,7.06,8.43,11.00,"*","Race data may be missing for a substantial number of cases.  See the 'Data Limitations' page for further information.","Note:","Rates are per 100,000 population.  ","Source:","California Department of Health Services, STD Control Branch"
2,"San Francisco","San Francisco County – Chlamydia, Gonorrhea, and P&S Syphilis","7/6/2006","Rates by Age Group (2005), Race/Ethnicity (2005), and Year",0.00,154.23,3295.38,3641.52,1105.10,335.83,179.43,31.73,0.00,32.52,962.33,2272.59,1291.30,582.61,558.15,149.69,0.00,40.23,725.65,597.86,183.61,59.14,55.73,12.06,0.00,6.50,401.50,1567.91,1167.48,695.50,835.03,215.56,0.00,0.00,0.00,0.00,0.00,0.00,2.71,0.63,0.00,0.00,6.37,29.36,81.36,80.63,114.91,47.23,1201.92,237.04,1598.71,539.00,151.45,447.28,151.29,1415.21,506.67,388.94,641.02,12.83,576.70,66.00,38.77,575.07,112.41,1300.66,482.00,545.36,0.00,0.00,0.00,0.00,1.81,255.59,13.52,55.42,65.80,85.66,1996.00,1997.00,1998.00,1999.00,2000.00,2001.00,2002.00,2003.00,2004.00,2005.00,374.03,399.25,409.65,408.86,472.09,444.49,472.50,429.54,453.81,459.31,132.35,215.92,273.88,299.54,317.93,319.36,373.42,409.97,452.32,478.10,95.89,80.71,107.50,101.08,107.39,92.67,96.67,63.69,59.23,91.24,289.11,324.01,373.57,312.88,437.92,417.91,435.70,386.02,470.43,516.85,0.81,3.25,1.07,0.26,1.30,0.51,1.03,0.77,0.00,0.76,7.42,11.57,5.19,6.93,12.32,33.93,77.72,82.34,85.84,60.47,"*","Race data may be missing for a substantial number of cases.  See the 'Data Limitations' page for further information.","Note:","Rates are per 100,000 population.  ","Source:","California Department of Health Services, STD Control Branch"
2,"San Joaquin","San Joaquin County – Chlamydia, Gonorrhea, and P&S Syphilis","7/6/2006","Rates by Age Group (2005), Race/Ethnicity (2005), and Year",0.00,105.64,2769.56,2592.92,1316.75,547.12,146.90,17.60,0.00,10.04,754.10,1058.92,591.98,217.65,101.81,19.76,0.00,24.65,443.41,489.60,256.03,133.33,66.97,5.56,0.00,3.34,172.81,401.05,331.86,195.89,106.05,24.97,0.00,0.00,0.00,0.00,0.00,0.00,0.00,0.00,0.00,0.00,0.00,0.00,0.00,0.00,4.24,0.00,165.80,261.80,928.92,340.28,147.41,70.60,50.76,418.59,119.74,43.18,0.00,17.96,273.21,48.87,29.76,23.53,18.70,201.24,39.35,30.01,0.00,0.00,0.00,0.00,0.00,0.00,0.00,4.02,0.00,0.73,1996.00,1997.00,1998.00,1999.00,2000.00,2001.00,2002.00,2003.00,2004.00,2005.00,396.11,382.72,382.66,452.41,529.75,538.97,596.75,580.72,608.11,601.17,78.52,83.82,100.11,112.60,153.32,172.37,177.55,190.22,207.37,244.56,82.63,70.50,91.53,94.73,99.96,102.22,117.96,113.38,136.35,116.34,96.65,61.84,74.71,79.76,64.85,74.54,93.69,87.47,121.51,110.78,6.44,3.35,2.57,3.24,0.00,0.00,0.99,0.00,0.00,0.00,10.94,6.70,2.20,3.60,0.35,1.01,1.31,0.63,3.09,0.60,"*","Race data may be missing for a substantial number of cases.  See the 'Data Limitations' page for further information.","Note:","Rates are per 100,000 population.  ","Source:","California Department of Health Services, STD Control Branch"
2,"San Luis Obispo","San Luis Obispo County – Chlamydia, Gonorrhea, and P&S Syphilis","7/6/2006","Rates by Age Group (2005), Race/Ethnicity (2005), and Year",0.00,38.54,920.86,1386.81,775.83,392.01,90.22,5.10,0.00,0.00,183.57,743.44,270.54,152.58,101.04,11.30,0.00,0.00,57.55,105.32,41.56,18.66,12.88,1.70,0.00,0.00,25.03,42.89,0.00,69.35,41.60,3.76,0.00,0.00,0.00,0.00,0.00,0.00,0.00,0.00,0.00,0.00,8.34,0.00,0.00,0.00,0.00,0.00,0.00,23.46,833.33,516.09,230.17,0.00,70.29,364.16,219.75,113.52,0.00,0.00,227.27,36.53,14.38,0.00,0.00,97.11,22.73,13.53,0.00,0.00,0.00,0.00,0.00,0.00,0.00,0.00,3.78,0.00,1996.00,1997.00,1998.00,1999.00,2000.00,2001.00,2002.00,2003.00,2004.00,2005.00,150.87,158.39,214.83,167.91,191.99,167.60,262.61,259.68,242.73,273.66,60.75,40.86,74.46,51.12,72.16,67.21,103.10,146.30,111.91,140.65,22.05,15.57,15.40,11.81,7.44,8.94,10.44,29.47,18.91,19.49,15.81,15.53,10.52,13.57,13.33,7.72,12.98,17.43,6.75,17.11,0.00,0.00,0.00,0.00,0.00,0.00,0.00,0.00,0.00,0.00,0.83,0.00,0.80,0.00,0.00,0.00,0.76,1.51,1.50,0.74,"*","Race data may be missing for a substantial number of cases.  See the 'Data Limitations' page for further information.","Note:","Rates are per 100,000 population.  ","Source:","California Department of Health Services, STD Control Branch"
2,"San Mateo","San Mateo County – Chlamydia, Gonorrhea, and P&S Syphilis","7/6/2006","Rates by Age Group (2005), Race/Ethnicity (2005), and Year",2.20,71.88,1429.64,1677.49,836.42,416.12,112.46,10.67,2.05,8.63,304.81,635.62,382.60,164.77,103.60,33.52,0.00,8.98,117.56,122.74,60.10,30.82,10.07,2.66,0.00,0.00,43.54,135.23,180.30,68.05,65.78,17.52,0.00,0.00,0.00,5.11,0.00,0.00,0.00,0.00,0.00,0.00,4.35,4.50,4.39,10.74,4.93,0.76,0.00,125.73,1021.84,404.24,59.49,0.00,70.26,676.85,128.54,31.05,0.00,3.59,319.32,14.14,6.23,0.00,19.51,268.40,30.18,17.82,0.00,0.00,0.00,1.17,0.00,0.00,3.90,11.66,1.11,2.87,1996.00,1997.00,1998.00,1999.00,2000.00,2001.00,2002.00,2003.00,2004.00,2005.00,210.71,197.26,203.09,199.44,220.23,251.71,282.84,287.73,297.69,277.60,52.10,53.35,72.43,78.25,75.42,86.34,107.38,99.78,121.66,127.09,22.37,20.04,21.87,23.97,25.05,26.08,14.21,22.84,20.19,22.53,21.43,19.93,27.92,33.20,36.43,40.76,36.26,39.00,48.77,45.33,0.58,0.28,0.28,0.28,0.00,0.00,0.27,0.00,0.27,0.27,0.89,0.29,0.00,1.15,0.28,2.54,3.96,4.80,4.20,2.78,"*","Race data may be missing for a substantial number of cases.  See the 'Data Limitations' page for further information.","Note:","Rates are per 100,000 population.  ","Source:","California Department of Health Services, STD Control Branch"
2,"Santa Barbara","Santa Barbara County – Chlamydia, Gonorrhea, and P&S Syphilis","7/6/2006","Rates by Age Group (2005), Race/Ethnicity (2005), and Year",0.00,91.87,1654.75,1607.27,831.69,339.41,99.74,7.78,0.00,6.64,305.44,609.87,261.06,116.52,89.31,10.19,0.00,14.13,100.28,116.31,32.74,7.54,14.24,2.59,0.00,0.00,53.90,115.92,69.61,38.84,26.46,7.28,0.00,0.00,0.00,0.00,0.00,0.00,0.00,0.00,0.00,0.00,0.00,0.00,0.00,0.00,6.61,1.45,168.63,270.78,1073.39,553.36,144.98,61.23,123.80,374.76,144.23,58.68,0.00,10.02,203.07,27.93,5.24,0.00,11.25,104.10,12.12,16.50,0.00,0.00,0.00,0.00,0.00,0.00,0.00,0.00,0.00,2.75,1996.00,1997.00,1998.00,1999.00,2000.00,2001.00,2002.00,2003.00,2004.00,2005.00,205.01,247.06,291.95,347.06,320.17,338.92,378.38,390.93,405.58,376.70,44.10,50.15,80.58,70.89,84.25,97.65,97.21,108.87,123.19,128.15,10.92,18.45,10.20,8.61,11.98,16.32,14.23,18.50,13.51,24.89,19.20,12.28,16.32,12.15,13.95,26.63,20.51,18.38,23.00,29.90,0.00,0.00,0.00,0.00,0.49,0.00,0.00,0.00,0.00,0.00,0.00,0.00,0.00,0.50,0.00,1.47,0.48,0.96,0.95,1.42,"*","Race data may be missing for a substantial number of cases.  See the 'Data Limitations' page for further information.","Note:","Rates are per 100,000 population.  ","Source:","California Department of Health Services, STD Control Branch"
2,"Santa Clara","Santa Clara County – Chlamydia, Gonorrhea, and P&S Syphilis","7/6/2006","Rates by Age Group (2005), Race/Ethnicity (2005), and Year",5.68,68.80,1989.27,2594.96,1113.73,467.27,180.69,21.05,0.77,7.97,361.66,876.59,588.87,251.13,128.96,37.76,0.00,13.42,180.67,249.25,149.96,75.26,37.38,4.71,0.00,4.78,62.59,237.93,248.59,100.17,76.88,20.23,0.00,0.00,1.84,0.00,0.00,0.00,0.00,0.00,0.00,0.00,1.73,3.57,5.28,8.23,9.30,5.05,167.33,89.84,492.67,344.38,61.83,65.70,39.73,286.26,120.06,35.32,33.46,6.84,73.46,40.81,9.83,32.85,10.38,112.89,43.66,18.30,0.00,0.00,0.00,0.46,0.00,0.00,1.80,4.03,8.29,4.06,1996.00,1997.00,1998.00,1999.00,2000.00,2001.00,2002.00,2003.00,2004.00,2005.00,306.14,266.27,318.72,320.68,353.52,356.21,372.14,396.86,458.14,423.72,66.35,73.63,85.71,90.14,109.29,122.58,132.66,148.34,180.23,173.96,32.21,25.56,27.52,23.13,20.86,23.33,22.32,37.84,51.86,49.70,27.13,32.02,27.13,26.53,31.49,40.20,34.80,45.79,67.24,64.11,0.00,0.00,0.12,0.00,0.00,0.11,0.11,0.47,0.46,0.11,0.37,0.60,0.23,0.47,0.23,1.03,3.33,5.59,5.88,4.70,"*","Race data may be missing for a substantial number of cases.  See the 'Data Limitations' page for further information.","Note:","Rates are per 100,000 population.  ","Source:","California Department of Health Services, STD Control Branch"
2,"Santa Cruz","Santa Cruz County – Chlamydia, Gonorrhea, and P&S Syphilis","7/6/2006","Rates by Age Group (2005), Race/Ethnicity (2005), and Year",0.00,37.07,1260.07,1686.65,725.54,306.44,106.10,7.75,0.00,0.00,238.52,539.55,412.72,141.50,99.89,16.80,0.00,0.00,82.62,185.23,124.70,85.80,15.91,3.87,0.00,11.52,39.75,183.06,119.47,87.07,49.94,18.90,0.00,0.00,0.00,0.00,0.00,0.00,0.00,0.00,0.00,0.00,0.00,0.00,0.00,0.00,4.99,0.00,0.00,218.12,617.28,440.20,93.67,0.00,22.02,460.12,120.10,32.94,0.00,19.82,102.88,62.11,8.30,0.00,22.02,153.37,42.53,15.86,0.00,0.00,0.00,0.00,0.00,0.00,0.00,0.00,0.00,1.22,1996.00,1997.00,1998.00,1999.00,2000.00,2001.00,2002.00,2003.00,2004.00,2005.00,240.82,233.22,232.19,256.07,327.29,334.36,303.95,331.13,336.33,314.55,49.45,57.68,34.52,59.39,92.79,110.10,101.89,115.68,100.39,122.58,18.84,17.75,19.15,10.24,14.77,11.60,6.94,27.78,23.03,38.17,10.71,14.62,16.05,8.71,17.93,24.81,17.75,21.59,35.25,47.20,0.00,0.00,0.00,0.00,0.00,0.00,0.00,0.00,0.00,0.00,0.82,0.81,0.00,0.79,0.00,0.00,3.08,5.39,3.06,0.76,"*","Race data may be missing for a substantial number of cases.  See the 'Data Limitations' page for further information.","Note:","Rates are per 100,000 population.  ","Source:","California Department of Health Services, STD Control Branch"
2,"Shasta","Shasta County – Chlamydia, Gonorrhea, and P&S Syphilis","7/6/2006","Rates by Age Group (2005), Race/Ethnicity (2005), and Year",9.91,167.86,2485.31,2052.26,889.27,247.91,37.94,0.00,0.00,0.00,350.87,446.37,302.98,88.41,60.88,0.00,0.00,33.57,195.81,95.77,104.62,0.00,37.94,0.00,0.00,0.00,14.03,25.50,47.83,22.10,40.58,5.48,0.00,0.00,0.00,0.00,0.00,0.00,0.00,0.00,0.00,0.00,0.00,0.00,0.00,0.00,0.00,0.00,196.72,241.93,648.74,417.22,245.46,46.90,165.49,155.64,71.85,42.83,0.00,0.00,0.00,0.00,30.85,0.00,0.00,77.82,0.00,12.43,0.00,0.00,0.00,0.00,0.00,0.00,0.00,0.00,0.00,0.00,1996.00,1997.00,1998.00,1999.00,2000.00,2001.00,2002.00,2003.00,2004.00,2005.00,236.71,317.02,333.57,274.05,350.83,325.19,375.15,565.18,547.46,428.18,34.60,75.13,68.50,67.07,114.45,122.96,138.56,170.44,151.36,99.32,12.20,35.09,31.31,37.26,42.66,8.15,31.92,31.39,50.87,34.86,10.25,6.36,12.68,29.10,24.88,8.52,16.58,15.07,27.31,14.50,0.00,0.00,0.00,0.00,0.00,0.00,0.00,0.00,0.00,0.00,0.00,0.00,0.00,0.00,0.00,0.00,0.00,0.00,0.00,0.00,"*","Race data may be missing for a substantial number of cases.  See the 'Data Limitations' page for further information.","Note:","Rates are per 100,000 population.  ","Source:","California Department of Health Services, STD Control Branch"
2,"Sierra","Sierra County – Chlamydia, Gonorrhea, and P&S Syphilis","7/6/2006","Rates by Age Group (2005), Race/Ethnicity (2005), and Year",0.00,0.00,900.90,0.00,0.00,0.00,0.00,0.00,0.00,0.00,568.18,0.00,0.00,0.00,0.00,0.00,0.00,0.00,0.00,751.87,0.00,0.00,0.00,0.00,0.00,0.00,0.00,0.00,0.00,0.00,0.00,0.00,0.00,0.00,0.00,0.00,0.00,0.00,0.00,0.00,0.00,0.00,0.00,0.00,0.00,0.00,0.00,0.00,0.00,0.00,0.00,0.00,0.00,0.00,0.00,0.00,0.00,0.00,0.00,0.00,0.00,0.00,0.00,0.00,0.00,0.00,0.00,0.00,0.00,0.00,0.00,0.00,0.00,0.00,0.00,0.00,0.00,0.00,1996.00,1997.00,1998.00,1999.00,2000.00,2001.00,2002.00,2003.00,2004.00,2005.00,55.83,56.24,55.67,0.00,0.00,227.53,114.61,0.00,0.00,56.46,0.00,0.00,0.00,0.00,0.00,55.92,0.00,0.00,0.00,55.55,0.00,0.00,0.00,0.00,55.52,0.00,0.00,0.00,0.00,56.46,0.00,55.49,0.00,0.00,54.49,0.00,0.00,0.00,0.00,0.00,0.00,0.00,0.00,0.00,0.00,0.00,0.00,0.00,0.00,0.00,0.00,0.00,0.00,0.00,0.00,0.00,0.00,0.00,0.00,0.00,"*","Race data may be missing for a substantial number of cases.  See the 'Data Limitations' page for further information.","Note:","Rates are per 100,000 population.  ","Source:","California Department of Health Services, STD Control Branch"
2,"Siskiyou","Siskiyou County – Chlamydia, Gonorrhea, and P&S Syphilis","7/6/2006","Rates by Age Group (2005), Race/Ethnicity (2005), and Year",46.72,71.89,1671.46,1631.41,1061.32,834.49,39.44,0.00,0.00,0.00,286.36,273.22,557.10,135.13,87.37,0.00,0.00,0.00,57.63,120.84,235.84,0.00,39.44,0.00,0.00,0.00,0.00,0.00,92.85,0.00,0.00,0.00,0.00,0.00,0.00,0.00,0.00,0.00,0.00,0.00,0.00,0.00,0.00,0.00,0.00,0.00,0.00,0.00,553.70,274.72,0.00,480.25,304.46,118.34,0.00,1183.43,151.59,60.98,0.00,274.72,364.96,0.00,15.74,0.00,0.00,0.00,0.00,5.54,0.00,0.00,0.00,0.00,0.00,0.00,0.00,0.00,0.00,0.00,1996.00,1997.00,1998.00,1999.00,2000.00,2001.00,2002.00,2003.00,2004.00,2005.00,233.94,192.63,229.79,173.07,228.31,194.43,276.77,343.23,363.76,319.88,41.17,59.01,59.66,27.64,63.87,68.89,77.74,49.85,99.52,85.90,8.82,13.13,22.09,26.62,17.56,22.09,8.78,17.37,30.31,25.93,4.57,13.61,4.58,4.60,9.12,4.59,4.57,4.53,0.00,4.52,0.00,0.00,0.00,0.00,0.00,0.00,0.00,0.00,0.00,0.00,0.00,0.00,0.00,0.00,0.00,0.00,0.00,0.00,0.00,0.00,"*","Race data may be missing for a substantial number of cases.  See the 'Data Limitations' page for further information.","Note:","Rates are per 100,000 population.  ","Source:","California Department of Health Services, STD Control Branch"
2,"Solano","Solano County – Chlamydia, Gonorrhea, and P&S Syphilis","7/6/2006","Rates by Age Group (2005), Race/Ethnicity (2005), and Year",0.00,194.12,3033.00,2871.68,1014.79,464.40,129.93,7.52,0.00,24.21,606.20,856.55,394.92,268.42,84.90,25.24,6.89,50.09,508.67,554.75,216.90,104.09,58.12,5.01,0.00,6.05,148.57,252.27,197.46,195.87,88.05,18.59,0.00,0.00,0.00,0.00,0.00,0.00,0.00,0.00,0.00,0.00,5.94,0.00,0.00,14.50,12.57,3.98,35.27,28.57,193.94,67.85,60.86,0.00,18.37,36.03,14.41,22.64,0.00,0.00,38.20,6.78,9.36,34.54,0.00,60.98,12.35,6.79,0.00,0.00,0.00,0.00,0.00,34.54,3.06,8.31,2.05,4.52,1996.00,1997.00,1998.00,1999.00,2000.00,2001.00,2002.00,2003.00,2004.00,2005.00,351.32,409.73,494.04,426.05,417.86,467.22,489.49,486.53,537.33,561.18,53.63,102.15,121.18,113.49,112.59,117.23,147.10,151.89,144.62,182.89,90.71,80.54,103.05,89.77,66.51,58.27,73.22,64.64,85.62,112.61,46.12,64.57,68.94,74.64,59.05,50.31,59.60,57.43,55.69,77.85,0.00,0.00,0.53,0.00,0.50,0.00,0.00,0.00,0.00,0.00,0.00,0.00,0.52,0.51,1.00,0.00,1.44,0.94,1.40,4.60,"*","Race data may be missing for a substantial number of cases.  See the 'Data Limitations' page for further information.","Note:","Rates are per 100,000 population.  ","Source:","California Department of Health Services, STD Control Branch"
2,"Sonoma","Sonoma County – Chlamydia, Gonorrhea, and P&S Syphilis","7/6/2006","Rates by Age Group (2005), Race/Ethnicity (2005), and Year",0.00,31.49,1089.40,1319.45,604.76,250.18,82.11,5.60,0.00,0.00,167.53,517.50,253.11,164.68,66.54,14.90,0.00,6.29,82.88,127.10,71.14,45.48,23.46,0.00,0.00,0.00,61.42,88.08,44.29,82.34,57.86,15.97,0.00,0.00,0.00,0.00,0.00,0.00,0.00,0.00,0.00,0.00,0.00,0.00,6.32,0.00,20.25,4.25,364.69,191.64,956.49,429.78,130.57,78.00,78.26,295.63,176.28,55.29,36.46,20.17,92.56,27.87,20.47,39.00,11.18,172.45,40.06,24.11,0.00,0.00,0.00,0.00,0.00,0.00,0.00,0.00,8.01,4.70,1996.00,1997.00,1998.00,1999.00,2000.00,2001.00,2002.00,2003.00,2004.00,2005.00,161.57,190.18,163.03,175.38,184.56,165.84,232.46,187.94,171.59,230.73,35.03,44.98,50.66,48.83,59.39,67.42,89.49,67.13,82.14,95.92,5.49,7.62,6.18,4.77,11.10,8.41,12.58,20.46,30.11,25.27,16.57,13.44,9.12,8.96,16.27,8.64,23.66,25.65,33.69,34.46,0.00,0.00,0.00,0.00,0.42,0.00,0.00,0.00,0.00,0.00,0.00,0.00,0.00,0.00,0.43,0.00,7.31,4.70,3.36,4.98,"*","Race data may be missing for a substantial number of cases.  See the 'Data Limitations' page for further information.","Note:","Rates are per 100,000 population.  ","Source:","California Department of Health Services, STD Control Branch"
2,"Stanislaus","Stanislaus County – Chlamydia, Gonorrhea, and P&S Syphilis","7/6/2006","Rates by Age Group (2005), Race/Ethnicity (2005), and Year",5.29,145.77,2270.55,2985.81,1312.19,446.72,153.48,12.87,0.00,8.89,487.76,894.88,451.91,204.07,83.61,17.44,2.64,32.91,405.78,591.24,278.69,196.55,111.62,5.85,0.00,0.00,180.16,445.07,275.55,153.05,192.30,38.92,0.00,0.00,0.00,0.00,0.00,5.95,0.00,0.00,0.00,0.00,0.00,0.00,0.00,5.66,5.57,2.68,0.00,299.99,623.88,883.52,215.45,30.99,97.68,415.67,254.10,61.53,0.00,0.00,152.78,171.88,76.00,0.00,0.00,249.40,135.38,45.75,0.00,0.00,0.00,0.00,0.73,0.00,0.00,0.00,2.08,2.36,1996.00,1997.00,1998.00,1999.00,2000.00,2001.00,2002.00,2003.00,2004.00,2005.00,365.52,381.14,369.18,391.30,384.85,408.65,410.25,504.11,558.49,586.21,77.60,64.84,67.45,74.73,78.59,132.42,126.63,132.57,167.16,184.07,64.20,47.47,55.60,35.24,56.48,53.15,33.91,65.49,111.14,133.69,52.86,47.68,52.83,25.83,47.42,34.52,33.03,53.69,100.78,123.37,0.46,0.92,1.82,0.00,0.43,0.85,0.00,0.80,1.58,0.38,0.97,1.43,2.35,0.46,0.00,1.31,0.84,1.23,3.64,1.98,"*","Race data may be missing for a substantial number of cases.  See the 'Data Limitations' page for further information.","Note:","Rates are per 100,000 population.  ","Source:","California Department of Health Services, STD Control Branch"
2,"Sutter","Sutter County – Chlamydia, Gonorrhea, and P&S Syphilis","7/6/2006","Rates by Age Group (2005), Race/Ethnicity (2005), and Year",0.00,0.00,1595.12,1534.82,804.68,285.91,130.12,0.00,0.00,0.00,260.14,782.83,268.54,103.30,80.01,0.00,0.00,0.00,232.01,501.77,402.34,214.43,16.26,12.23,0.00,0.00,104.05,318.93,302.11,241.04,80.01,0.00,0.00,0.00,0.00,0.00,0.00,0.00,0.00,0.00,0.00,0.00,0.00,0.00,0.00,0.00,0.00,0.00,353.35,83.18,1417.66,524.04,230.57,125.00,49.43,635.59,144.21,85.73,0.00,33.27,218.10,110.32,109.21,0.00,16.47,0.00,118.76,85.73,0.00,0.00,0.00,0.00,0.00,0.00,0.00,0.00,0.00,0.00,1996.00,1997.00,1998.00,1999.00,2000.00,2001.00,2002.00,2003.00,2004.00,2005.00,166.18,186.56,247.03,248.54,304.08,335.82,307.32,301.72,299.89,326.70,26.95,21.18,52.62,57.05,48.29,74.85,75.52,85.25,111.15,120.68,13.18,12.95,30.87,25.36,54.83,29.41,40.81,67.82,89.28,101.39,13.47,5.29,13.15,38.90,27.95,19.96,31.67,42.62,53.26,81.97,0.00,0.00,0.00,0.00,0.00,0.00,0.00,0.00,0.00,0.00,0.00,0.00,0.00,0.00,0.00,0.00,0.00,0.00,0.00,0.00,"*","Race data may be missing for a substantial number of cases.  See the 'Data Limitations' page for further information.","Note:","Rates are per 100,000 population.  ","Source:","California Department of Health Services, STD Control Branch"
2,"Tehama","Tehama County – Chlamydia, Gonorrhea, and P&S Syphilis","7/6/2006","Rates by Age Group (2005), Race/Ethnicity (2005), and Year",0.00,45.76,1511.22,2145.00,796.08,355.87,0.00,0.00,0.00,0.00,326.66,444.77,531.63,133.77,28.60,8.45,0.00,0.00,215.88,85.80,61.23,71.17,54.65,7.63,0.00,0.00,40.83,111.19,0.00,133.77,0.00,0.00,0.00,0.00,0.00,0.00,0.00,0.00,0.00,0.00,0.00,0.00,0.00,0.00,0.00,0.00,0.00,0.00,268.09,294.11,0.00,535.98,225.93,148.14,0.00,0.00,175.65,77.19,0.00,0.00,0.00,57.42,30.41,0.00,0.00,0.00,17.56,22.70,0.00,0.00,0.00,0.00,0.00,0.00,0.00,0.00,0.00,0.00,1996.00,1997.00,1998.00,1999.00,2000.00,2001.00,2002.00,2003.00,2004.00,2005.00,195.47,139.74,228.56,238.55,239.86,245.28,322.61,313.76,393.98,351.27,40.79,84.39,51.14,65.62,93.88,64.50,77.16,75.79,85.13,114.79,0.00,10.74,17.85,24.92,7.05,7.00,6.86,6.74,26.71,39.76,11.12,22.01,7.30,3.64,10.83,0.00,0.00,0.00,17.02,20.25,0.00,0.00,0.00,0.00,0.00,0.00,0.00,0.00,0.00,0.00,0.00,0.00,0.00,0.00,0.00,0.00,0.00,0.00,0.00,0.00,"*","Race data may be missing for a substantial number of cases.  See the 'Data Limitations' page for further information.","Note:","Rates are per 100,000 population.  ","Source:","California Department of Health Services, STD Control Branch"
2,"Trinity","Trinity County – Chlamydia, Gonorrhea, and P&S Syphilis","7/6/2006","Rates by Age Group (2005), Race/Ethnicity (2005), and Year",0.00,0.00,1050.42,215.05,1369.86,418.41,130.89,0.00,0.00,0.00,187.26,183.48,0.00,0.00,0.00,0.00,0.00,0.00,0.00,0.00,0.00,0.00,0.00,0.00,0.00,0.00,0.00,0.00,0.00,0.00,0.00,0.00,0.00,0.00,0.00,0.00,0.00,0.00,0.00,0.00,0.00,0.00,0.00,0.00,0.00,0.00,0.00,0.00,0.00,0.00,0.00,0.00,106.45,0.00,0.00,0.00,0.00,0.00,0.00,0.00,0.00,0.00,0.00,0.00,0.00,0.00,0.00,0.00,0.00,0.00,0.00,0.00,0.00,0.00,0.00,0.00,0.00,0.00,1996.00,1997.00,1998.00,1999.00,2000.00,2001.00,2002.00,2003.00,2004.00,2005.00,212.73,107.90,170.56,46.99,46.69,46.67,107.21,164.57,194.69,179.85,0.00,29.59,0.00,15.01,30.04,15.04,59.32,29.00,58.24,29.21,0.00,0.00,31.01,0.00,0.00,0.00,15.31,0.00,14.97,0.00,0.00,0.00,14.86,0.00,0.00,15.04,0.00,0.00,29.12,0.00,0.00,0.00,0.00,0.00,0.00,0.00,0.00,0.00,0.00,0.00,0.00,0.00,0.00,0.00,0.00,0.00,0.00,0.00,0.00,0.00,"*","Race data may be missing for a substantial number of cases.  See the 'Data Limitations' page for further information.","Note:","Rates are per 100,000 population.  ","Source:","California Department of Health Services, STD Control Branch"
2,"Tulare","Tulare County – Chlamydia, Gonorrhea, and P&S Syphilis","7/6/2006","Rates by Age Group (2005), Race/Ethnicity (2005), and Year",2.85,101.52,2710.01,3100.82,1600.05,814.18,298.78,22.80,2.76,25.91,694.55,793.73,527.70,271.94,80.10,7.32,0.00,16.03,264.92,488.03,358.00,182.62,78.43,1.62,0.00,0.00,130.55,396.86,230.87,210.75,65.54,16.48,0.00,0.00,0.00,11.90,7.30,0.00,0.00,0.00,0.00,0.00,0.00,5.51,6.59,0.00,0.00,1.83,203.66,648.21,1068.70,833.63,347.11,135.13,54.89,575.37,246.04,86.50,122.19,17.51,183.20,125.98,70.70,405.40,18.29,287.68,92.05,55.80,0.00,0.00,0.00,1.78,1.28,0.00,0.00,0.00,1.67,1.39,1996.00,1997.00,1998.00,1999.00,2000.00,2001.00,2002.00,2003.00,2004.00,2005.00,353.82,354.10,413.93,445.66,589.71,613.71,626.54,697.51,655.82,718.96,88.46,115.38,130.66,127.43,165.14,166.73,179.35,197.59,203.03,210.58,50.95,31.88,38.28,24.69,29.24,28.79,43.37,54.04,114.47,112.46,52.17,50.41,40.58,17.02,16.78,21.30,33.36,47.24,80.61,92.83,0.00,0.55,0.55,0.00,0.00,0.00,0.00,0.50,0.00,1.47,1.13,0.00,1.66,0.54,0.54,0.00,0.00,1.01,0.99,1.46,"*","Race data may be missing for a substantial number of cases.  See the 'Data Limitations' page for further information.","Note:","Rates are per 100,000 population.  ","Source:","California Department of Health Services, STD Control Branch"
2,"Tuolumne","Tuolumne County – Chlamydia, Gonorrhea, and P&S Syphilis","7/6/2006","Rates by Age Group (2005), Race/Ethnicity (2005), and Year",0.00,59.31,1181.91,1199.20,695.24,186.39,83.72,0.00,0.00,0.00,188.94,548.29,688.70,57.14,67.35,7.18,0.00,0.00,0.00,133.24,347.62,0.00,0.00,0.00,0.00,0.00,47.23,42.17,68.87,57.14,22.45,0.00,0.00,0.00,0.00,0.00,0.00,0.00,0.00,0.00,0.00,0.00,0.00,0.00,0.00,0.00,0.00,0.00,156.98,359.71,0.00,56.43,187.65,131.23,0.00,184.67,32.02,72.90,156.98,0.00,0.00,56.43,12.51,0.00,0.00,0.00,32.02,8.10,0.00,0.00,0.00,0.00,0.00,0.00,0.00,0.00,0.00,0.00,1996.00,1997.00,1998.00,1999.00,2000.00,2001.00,2002.00,2003.00,2004.00,2005.00,137.31,91.55,133.35,109.51,223.23,171.05,164.60,185.18,260.64,193.38,25.17,24.85,14.02,21.02,48.33,37.49,36.89,46.48,78.95,104.60,8.07,0.00,15.68,19.55,0.00,3.80,7.48,18.51,22.02,18.24,3.59,3.55,28.05,0.00,6.90,0.00,0.00,6.64,13.15,16.34,0.00,0.00,0.00,0.00,0.00,0.00,0.00,0.00,0.00,0.00,0.00,0.00,0.00,0.00,0.00,0.00,0.00,0.00,0.00,0.00,"*","Race data may be missing for a substantial number of cases.  See the 'Data Limitations' page for further information.","Note:","Rates are per 100,000 population.  ","Source:","California Department of Health Services, STD Control Branch"
2,"Ventura","Ventura County – Chlamydia, Gonorrhea, and P&S Syphilis","7/6/2006","Rates by Age Group (2005), Race/Ethnicity (2005), and Year",0.00,18.75,1034.20,1923.39,1197.60,329.20,85.78,8.25,0.00,0.00,156.22,634.02,532.83,129.47,41.63,6.87,0.00,9.37,77.80,196.94,97.98,36.57,20.35,3.17,0.00,0.00,21.44,122.22,110.40,80.91,13.38,2.74,0.00,0.00,3.24,4.19,0.00,0.00,0.00,0.00,0.00,0.00,0.00,0.00,0.00,0.00,4.46,2.06,19.65,53.59,630.45,360.07,132.27,0.00,20.48,235.64,120.05,51.69,0.00,0.00,113.15,28.87,22.50,0.00,0.00,88.36,23.00,15.90,0.00,0.00,0.00,1.17,0.00,0.00,0.00,0.00,0.56,2.84,1996.00,1997.00,1998.00,1999.00,2000.00,2001.00,2002.00,2003.00,2004.00,2005.00,147.05,194.44,227.03,220.92,257.34,253.47,292.33,302.35,280.46,282.41,29.25,35.21,39.56,43.15,53.98,65.32,83.16,79.78,102.71,97.64,9.57,13.84,13.69,12.90,11.07,12.90,22.52,24.21,19.25,29.29,9.28,12.19,14.01,14.02,14.02,23.07,20.34,13.04,14.14,23.30,0.00,0.00,0.00,0.00,0.00,0.00,0.00,0.00,0.00,0.48,0.00,0.83,0.27,1.07,0.26,0.25,0.50,0.50,1.73,1.47,"*","Race data may be missing for a substantial number of cases.  See the 'Data Limitations' page for further information.","Note:","Rates are per 100,000 population.  ","Source:","California Department of Health Services, STD Control Branch"
2,"Yolo","Yolo County – Chlamydia, Gonorrhea, and P&S Syphilis","7/6/2006","Rates by Age Group (2005), Race/Ethnicity (2005), and Year",0.00,28.59,1296.27,1459.48,931.31,204.73,57.92,0.00,0.00,0.00,179.76,580.73,381.56,203.78,54.08,18.30,0.00,0.00,108.02,142.59,87.31,0.00,14.48,3.23,0.00,0.00,39.94,70.39,76.31,43.66,38.63,10.98,0.00,0.00,0.00,0.00,0.00,0.00,0.00,0.00,0.00,0.00,0.00,0.00,0.00,0.00,0.00,0.00,229.18,178.44,703.51,571.78,162.89,0.00,59.38,386.10,177.29,60.33,76.39,0.00,50.25,20.54,37.44,0.00,9.89,144.78,26.76,18.10,0.00,0.00,0.00,0.00,0.00,0.00,0.00,0.00,0.00,0.00,1996.00,1997.00,1998.00,1999.00,2000.00,2001.00,2002.00,2003.00,2004.00,2005.00,358.93,232.97,258.08,243.68,268.39,239.87,314.85,311.13,330.37,399.31,58.57,34.52,48.17,40.86,55.37,61.79,80.60,65.73,102.92,142.15,33.76,13.48,14.54,15.37,13.82,18.96,11.94,20.24,17.60,37.21,41.65,10.22,11.40,14.85,25.27,23.31,19.29,21.16,28.16,29.48,0.00,0.00,0.00,0.00,0.00,0.00,0.00,0.00,0.00,0.00,0.00,0.00,0.00,0.00,0.00,1.16,0.00,2.22,1.08,0.00,"*","Race data may be missing for a substantial number of cases.  See the 'Data Limitations' page for further information.","Note:","Rates are per 100,000 population.  ","Source:","California Department of Health Services, STD Control Branch"
2,"Yuba","Yuba County – Chlamydia, Gonorrhea, and P&S Syphilis","7/6/2006","Rates by Age Group (2005), Race/Ethnicity (2005), and Year",0.00,35.19,2226.27,2412.10,946.52,564.68,205.43,0.00,0.00,0.00,342.58,1131.92,543.47,231.80,21.77,19.56,0.00,0.00,291.97,695.01,425.93,154.00,22.82,8.87,0.00,0.00,171.29,624.51,167.22,370.88,174.21,19.56,0.00,0.00,0.00,0.00,0.00,0.00,0.00,0.00,0.00,0.00,0.00,0.00,0.00,0.00,0.00,0.00,282.88,244.32,1443.29,681.30,381.43,134.58,72.75,917.43,329.51,83.33,0.00,0.00,103.09,94.62,131.68,0.00,0.00,500.41,86.71,111.11,0.00,0.00,0.00,0.00,0.00,0.00,0.00,0.00,0.00,0.00,1996.00,1997.00,1998.00,1999.00,2000.00,2001.00,2002.00,2003.00,2004.00,2005.00,235.44,201.52,232.08,291.39,349.32,436.28,512.26,518.10,471.81,485.61,64.52,35.26,52.31,105.56,111.49,100.37,133.10,143.15,146.01,179.90,16.35,13.00,29.83,36.84,59.88,9.84,44.82,97.34,113.35,117.63,12.90,12.82,16.34,36.28,42.62,25.90,41.19,52.90,79.08,128.93,0.00,0.00,0.00,0.00,0.00,3.28,0.00,0.00,0.00,0.00,0.00,0.00,0.00,0.00,0.00,0.00,0.00,0.00,0.00,0.00,"*","Race data may be missing for a substantial number of cases.  See the 'Data Limitations' page for further information.","Note:","Rates are per 100,000 population.  ","Source:","California Department of Health Services, STD Control Branch"
